date,Fairfax,Montgomery,Prince George's,Falls Church city,Arlington,Prince William,Loudoun,Alexandria city,Charles,Anne Arundel
2020-03-07,1,3,,,,,,,,
2020-03-08,2,4,,,,,,,,
2020-03-09,4,4,1.0,,,,,,,
2020-03-10,4,5,3.0,,,,2.0,,,
2020-03-11,4,6,5.0,,2.0,,2.0,,,
2020-03-12,4,6,5.0,,2.0,1.0,2.0,1.0,,
2020-03-13,6,6,7.0,,5.0,2.0,3.0,1.0,1.0,1.0
2020-03-14,10,12,7.0,,7.0,2.0,5.0,1.0,1.0,1.0
2020-03-15,10,12,9.0,,8.0,3.0,5.0,1.0,1.0,2.0
2020-03-16,10,15,10.0,,9.0,3.0,5.0,2.0,1.0,2.0
2020-03-17,12,24,14.0,,13.0,4.0,5.0,2.0,1.0,3.0
2020-03-18,14,31,20.0,,14.0,4.0,5.0,2.0,2.0,4.0
2020-03-19,16,33,23.0,,17.0,12.0,5.0,3.0,2.0,5.0
2020-03-20,16,51,31.0,,17.0,12.0,9.0,3.0,2.0,10.0
2020-03-21,22,68,36.0,,22.0,14.0,14.0,5.0,4.0,16.0
2020-03-22,31,83,40.0,,26.0,18.0,15.0,5.0,5.0,19.0
2020-03-23,43,93,47.0,,34.0,18.0,15.0,6.0,5.0,20.0
2020-03-24,46,107,63.0,,36.0,23.0,18.0,8.0,5.0,24.0
2020-03-25,76,127,76.0,,46.0,32.0,20.0,9.0,8.0,31.0
2020-03-26,124,164,101.0,,63.0,44.0,43.0,14.0,10.0,42.0
2020-03-27,124,208,148.0,,63.0,44.0,43.0,18.0,17.0,63.0
2020-03-28,156,255,196.0,,75.0,56.0,54.0,20.0,21.0,88.0
2020-03-29,187,301,247.0,,84.0,72.0,61.0,25.0,28.0,99.0
2020-03-30,225,341,294.0,,86.0,79.0,61.0,26.0,33.0,110.0
2020-03-31,244,388,341.0,,104.0,94.0,87.0,30.0,40.0,127.0
2020-04-01,288,447,403.0,,119.0,106.0,105.0,32.0,56.0,158.0
2020-04-02,328,498,473.0,,128.0,117.0,121.0,33.0,69.0,206.0
2020-04-03,372,566,563.0,,135.0,131.0,130.0,56.0,90.0,249.0
2020-04-04,387,640,653.0,,150.0,159.0,150.0,68.0,95.0,289.0
2020-04-05,426,693,785.0,,181.0,175.0,167.0,74.0,111.0,319.0
2020-04-06,488,793,916.0,,203.0,193.0,188.0,93.0,129.0,343.0
2020-04-07,532,871,1020.0,,237.0,236.0,209.0,126.0,136.0,370.0
2020-04-08,570,1088,1310.0,,254.0,263.0,238.0,143.0,164.0,466.0
2020-04-09,690,1214,1476.0,,280.0,299.0,258.0,149.0,180.0,505.0
2020-04-10,777,1388,1716.0,,312.0,337.0,274.0,174.0,220.0,554.0
2020-04-11,946,1537,1923.0,,349.0,390.0,296.0,188.0,235.0,615.0
2020-04-12,1008,1631,2035.0,,366.0,389.0,309.0,198.0,253.0,659.0
2020-04-13,1164,1756,2205.0,2.0,390.0,434.0,324.0,235.0,274.0,724.0
2020-04-14,1207,1883,2356.0,2.0,401.0,508.0,344.0,247.0,292.0,783.0
2020-04-15,1298,1947,2527.0,2.0,420.0,536.0,367.0,254.0,310.0,850.0
2020-04-16,1375,2147,2732.0,2.0,453.0,582.0,378.0,275.0,327.0,902.0
2020-04-17,1476,2295,2976.0,2.0,485.0,644.0,385.0,321.0,337.0,972.0
2020-04-18,1633,2420,3170.0,2.0,520.0,700.0,413.0,354.0,347.0,1012.0
2020-04-19,1809,2523,3352.0,2.0,575.0,742.0,425.0,383.0,370.0,1053.0
2020-04-20,1925,2664,3592.0,24.0,593.0,793.0,446.0,421.0,393.0,1104.0
2020-04-21,2077,2785,3741.0,24.0,625.0,867.0,468.0,462.0,402.0,1164.0
2020-04-22,2256,2884,3882.0,25.0,663.0,924.0,475.0,474.0,428.0,1197.0
2020-04-23,2362,3078,4150.0,25.0,686.0,1027.0,498.0,512.0,443.0,1301.0
2020-04-24,2534,3246,4414.0,24.0,722.0,1110.0,529.0,547.0,460.0,1380.0
2020-04-25,2745,3502,4806.0,26.0,764.0,1184.0,564.0,575.0,484.0,1438.0
2020-04-26,2889,3665,4998.0,26.0,790.0,1265.0,596.0,591.0,505.0,1518.0
2020-04-27,3002,3863,5274.0,26.0,836.0,1353.0,628.0,627.0,530.0,1552.0
2020-04-28,3278,4023,5507.0,26.0,865.0,1449.0,688.0,653.0,540.0,1579.0
2020-04-29,3448,4176,5749.0,26.0,912.0,1527.0,727.0,700.0,552.0,1670.0
2020-04-30,3611,4326,6054.0,26.0,967.0,1645.0,746.0,754.0,565.0,1733.0
2020-05-01,3897,4780,6747.0,26.0,1004.0,1781.0,832.0,802.0,613.0,1815.0
2020-05-02,4046,4945,7053.0,26.0,1044.0,1900.0,881.0,848.0,624.0,1893.0
2020-05-03,4340,5177,7345.0,35.0,1106.0,2026.0,931.0,899.0,640.0,1967.0
2020-05-04,4615,5411,7611.0,36.0,1139.0,2146.0,961.0,940.0,654.0,2026.0
2020-05-05,4834,5569,7846.0,36.0,1169.0,2223.0,998.0,983.0,663.0,2054.0
2020-05-06,4834,5819,8150.0,36.0,1169.0,2223.0,998.0,983.0,673.0,2094.0
2020-05-07,5045,6062,8531.0,36.0,1248.0,2398.0,1043.0,1060.0,701.0,2203.0
2020-05-08,5338,6347,8917.0,37.0,1281.0,2474.0,1070.0,1110.0,719.0,2300.0
2020-05-09,5610,6588,9221.0,37.0,1332.0,2548.0,1127.0,1142.0,730.0,2381.0
2020-05-10,5892,6796,9512.0,37.0,1368.0,2740.0,1159.0,1193.0,749.0,2472.0
2020-05-11,6200,6944,9704.0,37.0,1399.0,2991.0,1195.0,1224.0,757.0,2501.0
2020-05-12,6470,7164,9910.0,37.0,1416.0,3078.0,1210.0,1240.0,762.0,2530.0
2020-05-13,6666,7319,10091.0,39.0,1460.0,3181.0,1283.0,1305.0,779.0,2606.0
2020-05-14,6951,7588,10468.0,39.0,1499.0,3351.0,1339.0,1349.0,798.0,2670.0
2020-05-15,7159,7797,10811.0,40.0,1534.0,3421.0,1374.0,1396.0,831.0,2760.0
2020-05-16,7386,8026,11052.0,42.0,1560.0,3563.0,1430.0,1460.0,846.0,2809.0
2020-05-17,7643,8244,11337.0,44.0,1590.0,3666.0,1446.0,1476.0,861.0,2864.0
2020-05-18,7843,8455,11629.0,44.0,1638.0,3759.0,1486.0,1510.0,869.0,2901.0
2020-05-19,8020,8988,12261.0,44.0,1688.0,3934.0,1527.0,1544.0,896.0,2989.0
2020-05-20,8163,9093,12467.0,44.0,1728.0,4054.0,1579.0,1577.0,922.0,3041.0
2020-05-21,8580,9297,12852.0,46.0,1763.0,4183.0,1700.0,1627.0,944.0,3140.0
2020-05-22,8734,9470,13099.0,46.0,1795.0,4315.0,1807.0,1657.0,958.0,3215.0
2020-05-23,8945,9735,13346.0,47.0,1804.0,4408.0,1831.0,1703.0,971.0,3290.0
2020-05-24,8989,9958,14039.0,47.0,1873.0,4468.0,1821.0,1733.0,991.0,3315.0
2020-05-25,9482,10147,14240.0,48.0,1897.0,4702.0,2047.0,1754.0,999.0,3365.0
2020-05-26,9839,10327,14333.0,49.0,1935.0,4992.0,2186.0,1785.0,1003.0,3402.0
2020-05-27,10069,10504,14627.0,53.0,1988.0,5074.0,2274.0,1824.0,1009.0,3457.0
2020-05-28,10503,10791,15042.0,53.0,2039.0,5157.0,2318.0,1887.0,1028.0,3565.0
2020-05-29,10738,11075,15324.0,55.0,2089.0,5270.0,2429.0,1941.0,1057.0,3652.0
2020-05-30,10906,11291,15579.0,55.0,2107.0,5412.0,2529.0,1960.0,1086.0,3752.0
2020-05-31,11110,11401,15808.0,55.0,2116.0,5533.0,2575.0,1974.0,1109.0,3794.0
2020-06-01,11219,11516,15968.0,55.0,2123.0,5663.0,2611.0,1981.0,1121.0,3851.0
2020-06-02,11426,11771,16116.0,55.0,2133.0,5724.0,2636.0,2000.0,1134.0,3933.0
2020-06-03,11596,11964,16279.0,55.0,2142.0,5837.0,2659.0,2016.0,1153.0,4018.0
2020-06-04,11815,12266,16477.0,56.0,2150.0,5932.0,2794.0,2031.0,1176.0,4089.0
2020-06-05,11904,12473,16711.0,56.0,2173.0,6030.0,2837.0,2045.0,1187.0,4159.0
2020-06-06,12056,12662,16838.0,56.0,2195.0,6121.0,2939.0,2070.0,1198.0,4219.0
2020-06-07,12455,12773,16958.0,56.0,2225.0,6207.0,3094.0,2095.0,1204.0,4245.0
2020-06-08,12603,12857,17047.0,56.0,2256.0,6278.0,3147.0,2102.0,1213.0,4276.0
2020-06-09,12695,13007,17178.0,56.0,2265.0,6336.0,3174.0,2115.0,1218.0,4318.0
2020-06-10,12746,13163,17305.0,56.0,2280.0,6376.0,3180.0,2125.0,1233.0,4357.0
2020-06-11,12812,13315,17468.0,56.0,2299.0,6396.0,3229.0,2127.0,1237.0,4430.0
2020-06-12,12863,13387,17592.0,56.0,2307.0,6439.0,3280.0,2128.0,1250.0,4462.0
2020-06-13,12939,13573,17745.0,56.0,2321.0,6509.0,3321.0,2134.0,1266.0,4531.0
2020-06-14,13017,13646,17851.0,56.0,2338.0,6580.0,3384.0,2151.0,1271.0,4616.0
2020-06-15,13092,13696,17920.0,56.0,2346.0,6608.0,3404.0,2160.0,1274.0,4632.0
2020-06-16,13103,13749,17992.0,58.0,2363.0,6621.0,3439.0,2168.0,1279.0,4760.0
2020-06-17,13153,13859,18106.0,58.0,2372.0,6654.0,3458.0,2175.0,1293.0,4805.0
2020-06-18,13209,13902,18174.0,58.0,2382.0,6684.0,3499.0,2186.0,1296.0,4844.0
2020-06-19,13244,13968,18208.0,58.0,2396.0,6756.0,3504.0,2198.0,1296.0,4871.0
2020-06-20,13341,14044,18310.0,59.0,2405.0,6807.0,3543.0,2217.0,1306.0,4889.0
2020-06-21,13419,14119,18367.0,59.0,2418.0,6879.0,3585.0,2227.0,1315.0,4913.0
2020-06-22,13499,14181,18430.0,59.0,2424.0,6904.0,3612.0,2236.0,1330.0,4925.0
2020-06-23,13579,14244,18571.0,58.0,2431.0,6962.0,3632.0,2248.0,1335.0,4955.0
2020-06-24,13588,14323,18644.0,57.0,2438.0,7038.0,3683.0,2258.0,1343.0,4965.0
2020-06-25,13611,14421,18767.0,57.0,2445.0,7064.0,3739.0,2271.0,1352.0,4993.0
2020-06-26,13653,14510,18795.0,56.0,2449.0,7107.0,3806.0,2287.0,1359.0,5013.0
2020-06-27,13728,14559,18823.0,56.0,2454.0,7166.0,3890.0,2303.0,1364.0,5050.0
2020-06-28,13778,14646,18896.0,56.0,2464.0,7204.0,3932.0,2312.0,1373.0,5063.0
2020-06-29,13840,14714,18987.0,56.0,2466.0,7210.0,3968.0,2317.0,1385.0,5100.0
2020-06-30,13850,14776,19063.0,56.0,2479.0,7285.0,4000.0,2325.0,1395.0,5117.0
2020-07-01,13864,14842,19126.0,52.0,2484.0,7331.0,4047.0,2325.0,1401.0,5142.0
2020-07-02,13886,14938,19221.0,53.0,2496.0,7390.0,4083.0,2327.0,1418.0,5187.0
2020-07-03,13965,15059,19221.0,54.0,2500.0,7442.0,4113.0,2338.0,1428.0,5208.0
2020-07-04,14072,15120,19221.0,54.0,2519.0,7484.0,4175.0,2357.0,1432.0,5247.0
2020-07-05,14153,15167,19221.0,55.0,2533.0,7570.0,4207.0,2376.0,1439.0,5269.0
2020-07-06,14205,15201,19531.0,55.0,2533.0,7582.0,4216.0,2380.0,1443.0,5298.0
2020-07-07,14191,15370,19669.0,54.0,2550.0,7638.0,4252.0,2399.0,1453.0,5313.0
2020-07-08,14253,15438,19776.0,54.0,2558.0,7664.0,4282.0,2408.0,1475.0,5349.0
2020-07-09,14284,15541,19942.0,53.0,2567.0,7687.0,4319.0,2419.0,1485.0,5399.0
2020-07-10,14356,15606,19997.0,51.0,2582.0,7742.0,4349.0,2439.0,1498.0,5431.0
2020-07-11,14403,15661,20084.0,53.0,2597.0,7769.0,4373.0,2453.0,1504.0,5479.0
2020-07-12,14482,15765,20202.0,53.0,2615.0,7809.0,4407.0,2455.0,1519.0,5522.0
2020-07-13,14556,15818,20263.0,53.0,2626.0,7847.0,4431.0,2456.0,1530.0,5570.0
2020-07-14,14574,15921,20425.0,53.0,2660.0,7890.0,4458.0,2465.0,1536.0,5627.0
2020-07-15,14653,16024,20551.0,54.0,2677.0,7947.0,4519.0,2486.0,1554.0,5691.0
2020-07-16,14687,16094,20656.0,54.0,2691.0,7978.0,4557.0,2507.0,1569.0,5743.0
2020-07-17,14731,16191,20764.0,54.0,2704.0,8034.0,4576.0,2523.0,1585.0,5821.0
2020-07-18,14798,16289,20886.0,54.0,2726.0,8104.0,4596.0,2540.0,1595.0,5910.0
2020-07-19,14878,16410,21050.0,54.0,2733.0,8152.0,4647.0,2547.0,1611.0,5963.0
2020-07-20,14934,16471,21150.0,55.0,2737.0,8190.0,4670.0,2559.0,1621.0,6011.0
2020-07-21,14994,16558,21327.0,54.0,2750.0,8240.0,4695.0,2582.0,1644.0,6070.0
2020-07-22,15078,16631,21418.0,54.0,2763.0,8265.0,4738.0,2618.0,1661.0,6113.0
2020-07-23,15126,16692,21493.0,55.0,2776.0,8321.0,4758.0,2639.0,1681.0,6152.0
2020-07-24,15231,16806,21665.0,55.0,2783.0,8370.0,4769.0,2662.0,1697.0,6237.0
2020-07-25,15265,16960,21890.0,55.0,2801.0,8417.0,4796.0,2687.0,1721.0,6351.0
2020-07-26,15304,17058,22011.0,55.0,2807.0,8458.0,4820.0,2695.0,1732.0,6388.0
2020-07-27,15455,17203,22224.0,55.0,2823.0,8580.0,4914.0,2735.0,1755.0,6477.0
2020-07-28,15509,17269,22329.0,53.0,2843.0,8663.0,4939.0,2749.0,1774.0,6545.0
2020-07-29,15570,17344,22497.0,54.0,2857.0,8724.0,4965.0,2759.0,1798.0,6607.0
2020-07-30,15606,17436,22638.0,61.0,2874.0,8784.0,4985.0,2779.0,1821.0,6692.0
2020-07-31,15616,17607,22869.0,60.0,2897.0,8838.0,4995.0,2798.0,1834.0,6778.0
2020-08-01,15689,17704,23057.0,59.0,2906.0,8893.0,5014.0,2811.0,1857.0,6864.0
2020-08-02,15768,17797,23195.0,59.0,2925.0,8907.0,5034.0,2820.0,1880.0,6967.0
2020-08-03,15907,17881,23332.0,59.0,2945.0,8988.0,5059.0,2844.0,1911.0,7016.0
2020-08-04,15987,17949,23534.0,58.0,2973.0,9089.0,5093.0,2867.0,1934.0,7080.0
2020-08-05,16019,18015,23620.0,59.0,2997.0,9139.0,5117.0,2872.0,1949.0,7123.0
2020-08-06,16087,18071,23708.0,60.0,3013.0,9163.0,5150.0,2887.0,1963.0,7209.0
2020-08-07,16241,18178,23850.0,60.0,3037.0,9340.0,5196.0,2917.0,1985.0,7252.0
2020-08-08,16302,18299,24019.0,60.0,3062.0,9428.0,5254.0,2949.0,2002.0,7304.0
2020-08-09,16376,18431,24149.0,60.0,3077.0,9488.0,5280.0,2964.0,2026.0,7370.0
2020-08-10,16445,18528,24284.0,61.0,3091.0,9516.0,5306.0,2976.0,2042.0,7425.0
2020-08-11,16544,18597,24457.0,60.0,3105.0,9566.0,5346.0,2995.0,2069.0,7460.0
2020-08-12,16642,18680,24560.0,61.0,3118.0,9605.0,5372.0,3014.0,2086.0,7489.0
2020-08-13,16703,18791,24757.0,63.0,3134.0,9686.0,5403.0,3020.0,2104.0,7538.0
2020-08-14,16816,18858,24884.0,63.0,3176.0,9773.0,5441.0,3050.0,2121.0,7574.0
2020-08-15,16882,18964,25019.0,62.0,3196.0,9824.0,5482.0,3082.0,2154.0,7628.0
2020-08-16,16995,19042,25101.0,62.0,3229.0,9890.0,5511.0,3104.0,2167.0,7658.0
2020-08-17,17070,19110,25167.0,63.0,3246.0,9924.0,5528.0,3130.0,2177.0,7710.0
2020-08-18,17154,19166,25320.0,63.0,3264.0,9989.0,5552.0,3146.0,2200.0,7744.0
2020-08-19,17230,19220,25401.0,63.0,3293.0,10034.0,5580.0,3165.0,2215.0,7792.0
2020-08-20,17330,19303,25499.0,64.0,3310.0,10100.0,5614.0,3186.0,2226.0,7819.0
2020-08-21,17419,19364,25645.0,64.0,3334.0,10187.0,5647.0,3203.0,2236.0,7871.0
2020-08-22,17531,19424,25746.0,64.0,3357.0,10278.0,5684.0,3238.0,2252.0,7932.0
2020-08-23,17647,19507,25828.0,64.0,3383.0,10341.0,5712.0,3257.0,2262.0,7976.0
2020-08-24,17729,19579,25922.0,64.0,3400.0,10392.0,5735.0,3270.0,2280.0,8021.0
2020-08-25,17784,19638,26042.0,66.0,3415.0,10470.0,5769.0,3309.0,2308.0,8047.0
2020-08-26,17878,19685,26096.0,66.0,3435.0,10511.0,5787.0,3324.0,2321.0,8101.0
2020-08-27,17959,19772,26194.0,66.0,3457.0,10577.0,5825.0,3333.0,2333.0,8142.0
2020-08-28,18084,19845,26327.0,66.0,3492.0,10648.0,5878.0,3352.0,2348.0,8200.0
2020-08-29,18192,19905,26441.0,66.0,3513.0,10722.0,5924.0,3358.0,2368.0,8274.0
2020-08-30,18310,19985,26527.0,66.0,3540.0,10767.0,5945.0,3369.0,2384.0,8310.0
2020-08-31,18417,20045,26589.0,66.0,3555.0,10836.0,5979.0,3378.0,2396.0,8361.0
2020-09-01,18508,20142,26727.0,66.0,3560.0,10904.0,6008.0,3395.0,2405.0,8410.0
2020-09-02,18606,20229,26798.0,66.0,3569.0,10944.0,6053.0,3415.0,2413.0,8479.0
2020-09-03,18671,20320,26936.0,66.0,3587.0,11024.0,6077.0,3436.0,2426.0,8547.0
2020-09-04,18740,20438,27077.0,66.0,3605.0,11085.0,6146.0,3459.0,2441.0,8636.0
2020-09-05,18876,20539,27234.0,66.0,3620.0,11125.0,6166.0,3476.0,2452.0,8710.0
2020-09-06,18983,20617,27234.0,66.0,3632.0,11217.0,6198.0,3500.0,2466.0,8762.0
2020-09-07,19055,20757,27401.0,66.0,3640.0,11253.0,6223.0,3511.0,2487.0,8831.0
2020-09-08,19135,20805,27476.0,66.0,3656.0,11304.0,6263.0,3527.0,2496.0,8868.0
2020-09-09,19177,20877,27537.0,66.0,3679.0,11364.0,6273.0,3546.0,2505.0,8903.0
2020-09-10,19282,20933,27619.0,66.0,3687.0,11432.0,6327.0,3558.0,2519.0,8956.0
2020-09-11,19359,21033,27812.0,67.0,3700.0,11525.0,6377.0,3577.0,2538.0,8997.0
2020-09-12,19495,21129,27812.0,66.0,3710.0,11608.0,6409.0,3594.0,2556.0,9076.0
2020-09-13,19601,21207,28053.0,67.0,3727.0,11665.0,6443.0,3602.0,2572.0,9130.0
2020-09-14,19658,21321,28141.0,67.0,3741.0,11688.0,6449.0,3613.0,2593.0,9202.0
2020-09-15,19732,21415,28271.0,67.0,3759.0,11765.0,6489.0,3615.0,2609.0,9313.0
2020-09-16,19837,21507,28413.0,66.0,3779.0,11810.0,6523.0,3628.0,2630.0,9409.0
2020-09-17,19921,21614,28580.0,67.0,3791.0,11883.0,6567.0,3649.0,2648.0,9463.0
2020-09-18,20041,21681,28737.0,68.0,3819.0,11966.0,6615.0,3671.0,2666.0,9515.0
2020-09-19,20155,21800,28737.0,68.0,3835.0,12027.0,6633.0,3684.0,2688.0,9571.0
2020-09-20,20259,21854,28934.0,68.0,3840.0,12093.0,6656.0,3696.0,2696.0,9634.0
2020-09-21,20305,21917,29008.0,68.0,3851.0,12122.0,6678.0,3716.0,2705.0,9689.0
2020-09-22,20373,21973,29091.0,68.0,3855.0,12183.0,6698.0,3727.0,2718.0,9725.0
2020-09-23,20437,22042,29157.0,69.0,3877.0,12215.0,6720.0,3741.0,2727.0,9771.0
2020-09-24,20504,22118,29259.0,70.0,3889.0,12250.0,6747.0,3761.0,2739.0,9824.0
2020-09-25,20627,22225,29365.0,70.0,3909.0,12318.0,6774.0,3780.0,2747.0,9885.0
2020-09-26,20687,22315,29365.0,70.0,3935.0,12394.0,6792.0,3804.0,2755.0,9945.0
2020-09-27,20801,22400,29581.0,70.0,3951.0,12449.0,6816.0,3814.0,2761.0,9981.0
2020-09-28,20822,22461,29675.0,70.0,3963.0,12484.0,6830.0,3825.0,2772.0,10039.0
2020-09-29,20924,22552,29789.0,70.0,3985.0,12541.0,6851.0,3841.0,2781.0,10085.0
2020-09-30,20981,22624,29865.0,70.0,3995.0,12567.0,6889.0,3852.0,2800.0,10129.0
2020-10-01,21018,22719,29983.0,71.0,3997.0,12594.0,6887.0,3859.0,2821.0,10198.0
2020-10-02,21064,22850,30159.0,71.0,4009.0,12640.0,6916.0,3873.0,2831.0,10276.0
2020-10-03,21176,22933,30159.0,72.0,4026.0,12667.0,6954.0,3893.0,2843.0,10335.0
2020-10-04,21282,23016,30378.0,72.0,4045.0,12744.0,6985.0,3912.0,2853.0,10388.0
2020-10-05,21357,23119,30453.0,72.0,4057.0,12783.0,6987.0,3927.0,2862.0,10441.0
2020-10-06,21414,23175,30519.0,72.0,4068.0,12811.0,7026.0,3932.0,2871.0,10485.0
2020-10-07,21447,23234,30599.0,72.0,4083.0,12855.0,7042.0,3938.0,2880.0,10539.0
2020-10-08,21632,23333,30729.0,72.0,4132.0,12979.0,7110.0,3961.0,2890.0,10584.0
2020-10-09,21736,23443,30874.0,73.0,4148.0,13024.0,7137.0,3977.0,2906.0,10667.0
2020-10-10,21861,23545,30874.0,74.0,4170.0,13079.0,7181.0,4009.0,2924.0,10744.0
2020-10-11,21952,23641,31066.0,74.0,4187.0,13110.0,7217.0,4027.0,2937.0,10800.0
2020-10-12,22089,23736,31137.0,74.0,4209.0,13166.0,7259.0,4032.0,2944.0,10887.0
2020-10-13,22185,23857,31253.0,75.0,4228.0,13281.0,7303.0,4045.0,2949.0,10927.0
2020-10-14,22275,23966,31343.0,75.0,4250.0,13311.0,7301.0,4057.0,2964.0,10998.0
2020-10-15,22340,24055,31475.0,75.0,4278.0,13390.0,7417.0,4077.0,2985.0,11065.0
2020-10-16,22460,24214,31582.0,75.0,4318.0,13451.0,7454.0,4086.0,2993.0,11163.0
2020-10-17,22530,24331,31582.0,75.0,4345.0,13493.0,7505.0,4104.0,3009.0,11234.0
2020-10-18,22616,24435,31813.0,75.0,4372.0,13556.0,7558.0,4117.0,3020.0,11277.0
2020-10-19,22687,24506,31864.0,75.0,4384.0,13612.0,7576.0,4123.0,3031.0,11348.0
2020-10-20,22769,24600,31980.0,75.0,4399.0,13674.0,7599.0,4133.0,3043.0,11403.0
2020-10-21,22849,24704,32057.0,75.0,4437.0,13735.0,7634.0,4144.0,3052.0,11445.0
2020-10-22,23015,24812,32216.0,74.0,4457.0,13832.0,7680.0,4162.0,3069.0,11526.0
2020-10-23,23137,24917,32371.0,74.0,4488.0,13912.0,7704.0,4179.0,3080.0,11580.0
2020-10-24,23232,25024,32371.0,74.0,4508.0,13949.0,7730.0,4200.0,3092.0,11657.0
2020-10-25,23351,25187,32594.0,75.0,4537.0,13984.0,7736.0,4216.0,3115.0,11736.0
2020-10-26,23462,25321,32660.0,75.0,4562.0,14015.0,7784.0,4230.0,3138.0,11790.0
2020-10-27,23534,25478,32873.0,75.0,4586.0,14162.0,7817.0,4248.0,3156.0,11884.0
2020-10-28,23648,25602,33019.0,75.0,4630.0,14235.0,7876.0,4269.0,3170.0,11933.0
2020-10-29,23832,25732,33167.0,75.0,4647.0,14350.0,7908.0,4285.0,3189.0,12052.0
2020-10-30,23944,25871,33301.0,75.0,4686.0,14447.0,7946.0,4303.0,3210.0,12127.0
2020-10-31,24103,26033,33301.0,76.0,4714.0,14513.0,7981.0,4337.0,3228.0,12214.0
2020-11-01,24233,26154,33607.0,78.0,4764.0,14554.0,8048.0,4349.0,3249.0,12268.0
2020-11-02,24399,26317,33719.0,78.0,4778.0,14660.0,8048.0,4363.0,3265.0,12373.0
2020-11-03,24458,26439,33848.0,78.0,4813.0,14768.0,8105.0,4377.0,3275.0,12460.0
2020-11-04,24591,26592,33994.0,77.0,4854.0,14833.0,8143.0,4391.0,3301.0,12552.0
2020-11-05,24726,26818,34158.0,78.0,4872.0,14923.0,8175.0,4413.0,3326.0,12665.0
2020-11-06,24909,27037,34406.0,77.0,4919.0,15013.0,8225.0,4444.0,3379.0,12807.0
2020-11-07,25095,27210,34406.0,79.0,4970.0,15099.0,8313.0,4481.0,3421.0,12982.0
2020-11-08,25304,27383,34715.0,79.0,5036.0,15208.0,8336.0,4499.0,3445.0,13079.0
2020-11-09,25463,27587,34918.0,79.0,5060.0,15286.0,8413.0,4517.0,3486.0,13236.0
2020-11-10,25593,27772,35172.0,78.0,5093.0,15367.0,8486.0,4533.0,3518.0,13347.0
2020-11-11,25791,28010,35434.0,82.0,5130.0,15462.0,8560.0,4559.0,3555.0,13507.0
2020-11-12,26005,28187,35622.0,82.0,5158.0,15546.0,8622.0,4578.0,3594.0,13607.0
2020-11-13,26140,28426,35953.0,83.0,5191.0,15648.0,8642.0,4602.0,3618.0,13763.0
2020-11-14,26258,28768,36076.0,82.0,5241.0,15720.0,8706.0,4619.0,3672.0,13960.0
2020-11-15,26432,29030,36531.0,82.0,5298.0,15777.0,8810.0,4635.0,3719.0,14141.0
2020-11-16,26829,29246,36746.0,82.0,5380.0,15979.0,8894.0,4698.0,3740.0,14319.0
2020-11-17,27021,29612,37168.0,83.0,5454.0,16123.0,8954.0,4726.0,3792.0,14492.0
2020-11-18,27270,29874,37440.0,85.0,5512.0,16283.0,9020.0,4768.0,3833.0,14672.0
2020-11-19,27475,30339,37814.0,86.0,5544.0,16429.0,9046.0,4797.0,3882.0,14943.0
2020-11-20,27732,30621,38077.0,88.0,5603.0,16595.0,9149.0,4831.0,3940.0,15115.0
2020-11-21,28060,30924,38452.0,88.0,5673.0,16724.0,9216.0,4882.0,3992.0,15306.0
2020-11-22,28345,31218,38913.0,88.0,5758.0,16771.0,9265.0,4935.0,4027.0,15483.0
2020-11-23,28798,31431,39200.0,90.0,5856.0,16962.0,9345.0,5010.0,4067.0,15599.0
2020-11-24,29179,31664,39515.0,93.0,5905.0,17158.0,9512.0,5051.0,4106.0,15727.0
2020-11-25,29566,32047,40008.0,97.0,5994.0,17484.0,9717.0,5106.0,4160.0,15951.0
2020-11-26,29936,32301,40120.0,97.0,6048.0,17704.0,9817.0,5169.0,4186.0,16126.0
2020-11-27,29954,32643,40696.0,97.0,6117.0,17863.0,9872.0,5222.0,4256.0,16309.0
2020-11-28,30450,32832,40822.0,99.0,6203.0,18105.0,9980.0,5303.0,4278.0,16416.0
2020-11-29,30811,33145,41218.0,102.0,6260.0,18199.0,10021.0,5333.0,4319.0,16597.0
2020-11-30,31072,33442,41508.0,103.0,6299.0,18352.0,10049.0,5366.0,4393.0,16754.0
2020-12-01,31287,33947,42072.0,106.0,6334.0,18490.0,10232.0,5404.0,4436.0,16931.0
2020-12-02,31661,34201,42378.0,109.0,6417.0,18662.0,10302.0,5447.0,4504.0,17178.0
2020-12-03,31915,34467,42645.0,112.0,6472.0,18852.0,10376.0,5479.0,4524.0,17330.0
2020-12-04,32246,35100,43188.0,117.0,6535.0,18968.0,10469.0,5513.0,4595.0,17639.0
2020-12-05,32579,35583,43660.0,119.0,6640.0,19161.0,10557.0,5602.0,4668.0,17970.0
2020-12-06,33145,36043,44244.0,120.0,6792.0,19404.0,10635.0,5669.0,4719.0,18205.0
2020-12-07,33762,36493,44588.0,122.0,6904.0,19498.0,10832.0,5790.0,4754.0,18441.0
2020-12-08,34487,36895,45079.0,123.0,6944.0,19766.0,11005.0,5874.0,4805.0,18659.0
2020-12-09,34996,37238,45529.0,128.0,7062.0,20080.0,11270.0,5950.0,4887.0,18927.0
2020-12-10,35428,37782,46054.0,134.0,7097.0,20293.0,11420.0,6012.0,4946.0,19268.0
2020-12-11,35748,38234,46520.0,136.0,7206.0,20543.0,11545.0,6089.0,4995.0,19560.0
2020-12-12,36115,38856,46904.0,138.0,7263.0,20908.0,11709.0,6165.0,5071.0,19879.0
2020-12-13,36555,39360,47480.0,139.0,7395.0,21176.0,11788.0,6215.0,5143.0,20184.0
2020-12-14,37057,39765,47800.0,142.0,7463.0,21272.0,11937.0,6260.0,5184.0,20402.0
2020-12-15,37386,40106,48428.0,147.0,7525.0,21431.0,12029.0,6315.0,5235.0,20561.0
2020-12-16,37693,40544,48870.0,146.0,7594.0,21678.0,12193.0,6367.0,5290.0,20743.0
2020-12-17,38091,40791,49194.0,146.0,7661.0,21969.0,12297.0,6421.0,5323.0,20954.0
2020-12-18,38477,41217,49689.0,147.0,7710.0,22173.0,12386.0,6456.0,5384.0,21236.0
2020-12-19,38738,41531,50009.0,147.0,7821.0,22355.0,12503.0,6533.0,5446.0,21468.0
2020-12-20,39224,41825,50438.0,147.0,7975.0,22592.0,12682.0,6660.0,5493.0,21687.0
2020-12-21,40121,42216,50773.0,153.0,8054.0,22734.0,12861.0,6717.0,5536.0,21937.0
2020-12-22,40483,42595,51136.0,157.0,8121.0,23041.0,12925.0,6782.0,5593.0,22133.0
2020-12-23,40785,43019,51590.0,159.0,8222.0,23407.0,13082.0,6845.0,5665.0,22379.0
2020-12-24,41339,43497,52040.0,164.0,8289.0,23723.0,13171.0,6913.0,5718.0,22723.0
2020-12-25,41758,43961,52390.0,166.0,8414.0,24120.0,13280.0,6985.0,5769.0,22994.0
2020-12-26,41769,44330,52794.0,166.0,8475.0,24292.0,13441.0,6985.0,5810.0,23266.0
2020-12-27,42459,44683,53161.0,168.0,8568.0,24657.0,13600.0,7068.0,5854.0,23421.0
2020-12-28,42786,45093,53458.0,170.0,8631.0,24795.0,13683.0,7107.0,5893.0,23647.0
2020-12-29,43107,45384,53759.0,173.0,8687.0,25057.0,13848.0,7163.0,5923.0,23802.0
2020-12-30,43434,45834,54180.0,174.0,8786.0,25247.0,13996.0,7231.0,5988.0,24058.0
2020-12-31,43977,46243,54614.0,176.0,8872.0,25519.0,14169.0,7298.0,6037.0,24421.0
2021-01-01,44525,46760,55166.0,181.0,8993.0,25877.0,14352.0,7366.0,6117.0,24828.0
2021-01-02,45157,47190,55721.0,182.0,9145.0,26178.0,14481.0,7372.0,6181.0,25156.0
2021-01-03,45746,47618,56055.0,188.0,9250.0,26456.0,14518.0,7487.0,6230.0,25378.0
2021-01-04,46096,48132,56418.0,188.0,9290.0,26664.0,14569.0,7538.0,6289.0,25642.0
2021-01-05,46353,48394,56840.0,188.0,9338.0,26963.0,14786.0,7586.0,6329.0,25794.0
2021-01-06,46776,48907,57320.0,194.0,9420.0,27297.0,14973.0,7676.0,6397.0,26143.0
2021-01-07,47235,49300,57806.0,197.0,9541.0,27574.0,15095.0,7747.0,6472.0,26491.0
2021-01-08,47891,49849,58351.0,201.0,9654.0,27776.0,15219.0,7817.0,6535.0,26929.0
2021-01-09,48456,50471,58981.0,202.0,9847.0,28065.0,15286.0,7985.0,6625.0,27359.0
2021-01-10,49099,51110,59575.0,208.0,9997.0,28271.0,15368.0,8087.0,6696.0,27784.0
2021-01-11,49840,51570,60067.0,208.0,10117.0,28532.0,15443.0,8156.0,6772.0,28216.0
2021-01-12,50278,52058,60544.0,208.0,10202.0,28796.0,15604.0,8248.0,6819.0,28430.0
2021-01-13,50705,52411,61016.0,210.0,10277.0,28987.0,15711.0,8307.0,6891.0,28689.0
2021-01-14,51334,52886,61558.0,211.0,10359.0,29278.0,15876.0,8387.0,6958.0,29030.0
2021-01-15,51756,53327,61985.0,211.0,10426.0,29627.0,16035.0,8448.0,7023.0,29372.0
2021-01-16,52491,53876,62518.0,216.0,10520.0,30023.0,16245.0,8514.0,7122.0,29724.0
2021-01-17,53976,54285,62985.0,242.0,10677.0,31379.0,16637.0,8612.0,7207.0,29969.0
2021-01-18,54605,54569,63316.0,246.0,10790.0,31927.0,17014.0,8745.0,7265.0,30188.0
2021-01-19,54918,54879,63650.0,243.0,10860.0,32237.0,17236.0,8810.0,7304.0,30369.0
2021-01-20,55305,55247,64053.0,245.0,10913.0,32480.0,17389.0,8871.0,7350.0,30630.0
2021-01-21,55595,55575,64414.0,247.0,10954.0,32591.0,17571.0,8917.0,7413.0,30862.0
2021-01-22,55846,55995,64830.0,256.0,11006.0,32874.0,17809.0,8975.0,7471.0,31140.0
2021-01-23,56139,56372,65178.0,258.0,11093.0,33048.0,18151.0,9021.0,7552.0,31411.0
2021-01-24,56475,56773,65628.0,262.0,11149.0,33260.0,18381.0,9050.0,7610.0,31614.0
2021-01-25,57164,57173,65933.0,274.0,11269.0,33739.0,18848.0,9121.0,7668.0,31778.0
2021-01-26,57559,57370,66231.0,276.0,11341.0,34036.0,19161.0,9190.0,7720.0,31923.0
2021-01-27,58092,57729,66562.0,285.0,11414.0,34314.0,19508.0,9236.0,7787.0,32107.0
2021-01-28,58501,58055,66915.0,288.0,11487.0,34545.0,19821.0,9299.0,7834.0,32376.0
2021-01-29,58835,58352,67290.0,288.0,11555.0,34751.0,20077.0,9342.0,7910.0,32549.0
2021-01-30,59281,58754,67611.0,291.0,11648.0,35092.0,20277.0,9407.0,7966.0,32751.0
2021-01-31,59481,59009,67911.0,291.0,11691.0,35245.0,20384.0,9435.0,8023.0,32920.0
2021-02-01,59717,59199,68130.0,290.0,11769.0,35412.0,20484.0,9482.0,8061.0,33058.0
2021-02-02,59960,59336,68323.0,296.0,11806.0,35573.0,20618.0,9528.0,8088.0,33125.0
2021-02-03,60265,59483,68518.0,296.0,11867.0,35693.0,20791.0,9544.0,8128.0,33208.0
2021-02-04,60495,59826,68800.0,301.0,11928.0,35862.0,21015.0,9574.0,8186.0,33376.0
2021-02-05,60902,60084,69087.0,306.0,12034.0,36126.0,21261.0,9630.0,8234.0,33571.0
2021-02-06,61425,60279,69371.0,311.0,12150.0,36413.0,21492.0,9702.0,8284.0,33687.0
2021-02-07,61654,60523,69628.0,315.0,12221.0,36581.0,21552.0,9732.0,8330.0,33826.0
2021-02-08,61743,60677,69807.0,315.0,12262.0,36668.0,21564.0,9744.0,8359.0,33925.0
2021-02-09,61967,60879,70048.0,317.0,12306.0,36916.0,21723.0,9778.0,8390.0,33994.0
2021-02-10,62445,61045,70272.0,318.0,12364.0,37184.0,21808.0,9798.0,8429.0,34110.0
2021-02-11,62854,61204,70493.0,321.0,12440.0,37422.0,21897.0,9846.0,8466.0,34230.0
2021-02-12,63148,61374,70674.0,322.0,12504.0,37556.0,22007.0,9903.0,8498.0,34362.0
2021-02-13,63545,61562,70846.0,325.0,12550.0,37753.0,22102.0,9946.0,8528.0,34462.0
2021-02-14,63800,61687,71008.0,327.0,12589.0,37886.0,22186.0,9985.0,8555.0,34540.0
2021-02-15,63965,61788,71146.0,327.0,12611.0,37969.0,22246.0,10006.0,8580.0,34616.0
2021-02-16,64154,61880,71244.0,330.0,12653.0,38070.0,22310.0,10037.0,8599.0,34659.0
2021-02-17,64355,61987,71430.0,331.0,12684.0,38197.0,22351.0,10056.0,8628.0,34735.0
2021-02-18,64568,62130,71615.0,333.0,12726.0,38318.0,22405.0,10092.0,8658.0,34874.0
2021-02-19,64750,62279,71846.0,334.0,12768.0,38420.0,22486.0,10113.0,8688.0,34978.0
2021-02-20,64921,62381,72022.0,339.0,12805.0,38518.0,22557.0,10134.0,8716.0,35054.0
2021-02-21,65204,62481,72151.0,342.0,12870.0,38678.0,22654.0,10171.0,8735.0,35108.0
2021-02-22,65317,62568,72279.0,341.0,12894.0,38744.0,22704.0,10186.0,8753.0,35180.0
2021-02-23,65469,62671,72445.0,343.0,12922.0,38832.0,22762.0,10210.0,8773.0,35232.0
2021-02-24,65718,62812,72638.0,342.0,12974.0,38920.0,22816.0,10229.0,8803.0,35311.0
2021-02-25,65970,62941,72817.0,342.0,13020.0,39029.0,22873.0,10259.0,8832.0,35424.0
2021-02-26,66198,63084,73019.0,346.0,13060.0,39150.0,22939.0,10285.0,8866.0,35524.0
2021-02-27,66354,63211,73178.0,351.0,13112.0,39211.0,22997.0,10299.0,8887.0,35618.0
2021-02-28,66573,63321,73349.0,352.0,13151.0,39333.0,23076.0,10328.0,8901.0,35726.0
2021-03-01,66703,63440,73442.0,353.0,13182.0,39398.0,23126.0,10342.0,8923.0,35786.0
2021-03-02,66825,63544,73538.0,353.0,13215.0,39472.0,23183.0,10352.0,8931.0,35841.0
2021-03-03,67003,63640,73714.0,352.0,13255.0,39570.0,23221.0,10384.0,8965.0,35977.0
2021-03-04,67192,63747,73863.0,355.0,13294.0,39667.0,23272.0,10389.0,8996.0,36098.0
2021-03-05,67399,63841,74023.0,354.0,13342.0,39767.0,23352.0,10404.0,9035.0,36163.0
2021-03-06,67533,63943,74194.0,358.0,13391.0,39868.0,23418.0,10429.0,9059.0,36255.0
2021-03-07,67693,64032,74356.0,359.0,13433.0,39936.0,23472.0,10445.0,9076.0,36345.0
2021-03-08,67820,64126,74481.0,361.0,13456.0,39983.0,23533.0,10456.0,9106.0,36399.0
2021-03-09,67945,64211,74600.0,360.0,13481.0,40055.0,23589.0,10468.0,9118.0,36454.0
2021-03-10,68069,64318,74733.0,362.0,13501.0,40115.0,23641.0,10490.0,9134.0,36557.0
2021-03-11,68208,64444,74880.0,361.0,13526.0,40172.0,23708.0,10504.0,9160.0,36669.0
2021-03-12,68346,64559,75020.0,364.0,13559.0,40264.0,23782.0,10529.0,9201.0,36784.0
2021-03-13,68491,64692,75209.0,366.0,13603.0,40338.0,23848.0,10548.0,9227.0,36884.0
2021-03-14,68641,64818,75354.0,366.0,13638.0,40412.0,23928.0,10570.0,9255.0,36979.0
2021-03-15,68755,64902,75456.0,367.0,13655.0,40483.0,23986.0,10592.0,9277.0,37026.0
2021-03-16,68891,64979,75570.0,370.0,13683.0,40547.0,24060.0,10617.0,9298.0,37088.0
2021-03-17,69041,65098,75748.0,370.0,13729.0,40625.0,24197.0,10643.0,9336.0,37179.0
2021-03-18,69316,65203,75876.0,372.0,13770.0,40795.0,24345.0,10671.0,9359.0,37309.0
2021-03-19,69514,65335,76051.0,371.0,13811.0,40885.0,24434.0,10699.0,9393.0,37464.0
2021-03-20,69708,65454,76225.0,371.0,13856.0,40969.0,24491.0,10740.0,9430.0,37643.0
2021-03-21,69859,65551,76399.0,373.0,13882.0,41016.0,24552.0,10758.0,9453.0,37736.0
2021-03-22,69978,65642,76510.0,373.0,13897.0,41062.0,24603.0,10771.0,9467.0,37813.0
2021-03-23,70096,65732,76616.0,378.0,13915.0,41153.0,24659.0,10784.0,9486.0,37893.0
2021-03-24,70233,65871,76779.0,380.0,13952.0,41228.0,24706.0,10805.0,9533.0,38025.0
2021-03-25,70426,66032,76979.0,382.0,13997.0,41324.0,24794.0,10825.0,9558.0,38200.0
2021-03-26,70678,66159,77182.0,384.0,14042.0,41508.0,24924.0,10850.0,9598.0,38322.0
2021-03-27,70898,66296,77399.0,386.0,14081.0,41618.0,25011.0,10875.0,9622.0,38460.0
2021-03-28,71049,66438,77602.0,388.0,14126.0,41710.0,25089.0,10894.0,9650.0,38586.0
2021-03-29,71199,66537,77730.0,391.0,14156.0,41780.0,25136.0,10912.0,9678.0,38685.0
2021-03-30,71314,66635,77849.0,389.0,14188.0,41873.0,25221.0,10924.0,9697.0,38790.0
2021-03-31,71411,66750,78040.0,386.0,14227.0,41934.0,25251.0,10940.0,9726.0,38908.0
2021-04-01,71661,66877,78271.0,388.0,14273.0,42096.0,25391.0,10965.0,9766.0,39076.0
2021-04-02,71805,66997,78471.0,392.0,14319.0,42187.0,25452.0,10996.0,9805.0,39231.0
2021-04-03,71971,67107,78662.0,395.0,14364.0,42304.0,25517.0,11020.0,9828.0,39359.0
2021-04-04,72127,67258,78869.0,395.0,14412.0,42394.0,25572.0,11046.0,9874.0,39497.0
2021-04-05,72250,67349,78977.0,398.0,14436.0,42473.0,25623.0,11077.0,9897.0,39592.0
2021-04-06,72390,67421,79116.0,402.0,14464.0,42552.0,25693.0,11100.0,9908.0,39672.0
2021-04-07,72551,67551,79315.0,404.0,14490.0,42655.0,25794.0,11136.0,9939.0,39787.0
2021-04-08,72781,67659,79482.0,403.0,14536.0,42828.0,25897.0,11172.0,9967.0,39916.0
2021-04-09,72948,67819,79735.0,404.0,14593.0,42913.0,26012.0,11216.0,10012.0,40126.0
2021-04-10,73156,67957,79930.0,404.0,14631.0,43035.0,26116.0,11253.0,10044.0,40285.0
2021-04-11,73326,68088,80138.0,404.0,14646.0,43117.0,26169.0,11277.0,10081.0,40441.0
2021-04-12,73520,68190,80257.0,404.0,14679.0,43241.0,26243.0,11325.0,10096.0,40503.0
2021-04-13,73751,68306,80399.0,406.0,14697.0,43368.0,26379.0,11348.0,10127.0,40601.0
2021-04-14,73841,68423,80627.0,409.0,14718.0,43437.0,26430.0,11375.0,10152.0,40754.0
2021-04-15,74009,68533,80846.0,409.0,14742.0,43521.0,26488.0,11387.0,10186.0,40919.0
2021-04-16,74175,68669,81064.0,411.0,14774.0,43614.0,26569.0,11402.0,10216.0,41059.0
2021-04-17,74321,68764,81219.0,411.0,14807.0,43729.0,26645.0,11442.0,10243.0,41235.0
2021-04-18,74499,68888,81371.0,412.0,14835.0,43825.0,26694.0,11461.0,10271.0,41326.0
2021-04-19,74610,68911,81411.0,415.0,14846.0,43890.0,26736.0,11481.0,10286.0,41400.0
2021-04-20,74708,68991,81552.0,415.0,14861.0,43957.0,26795.0,11491.0,10298.0,41477.0
2021-04-21,74840,69095,81730.0,416.0,14884.0,44031.0,26849.0,11519.0,10330.0,41624.0
2021-04-22,74988,69193,81893.0,418.0,14903.0,44092.0,26928.0,11522.0,10361.0,41757.0
2021-04-23,75166,69284,82058.0,417.0,14944.0,44173.0,26997.0,11540.0,10379.0,41866.0
2021-04-24,75244,69380,82219.0,417.0,14969.0,44248.0,27043.0,11564.0,10409.0,42028.0
2021-04-25,75344,69466,82345.0,418.0,14982.0,44300.0,27077.0,11570.0,10425.0,42117.0
2021-04-26,75417,69522,82434.0,419.0,15007.0,44348.0,27104.0,11585.0,10437.0,42164.0
2021-04-27,75478,69574,82545.0,423.0,15020.0,44414.0,27159.0,11595.0,10457.0,42233.0
2021-04-28,75581,69670,82693.0,423.0,15045.0,44491.0,27202.0,11612.0,10475.0,42339.0
2021-04-29,75680,69781,82840.0,423.0,15057.0,44541.0,27259.0,11624.0,10500.0,42435.0
2021-04-30,75783,69851,82996.0,422.0,15089.0,44573.0,27309.0,11645.0,10526.0,42526.0
2021-05-01,75862,69919,83133.0,423.0,15111.0,44613.0,27358.0,11657.0,10548.0,42612.0
2021-05-02,75942,69968,83249.0,423.0,15121.0,44663.0,27391.0,11671.0,10569.0,42675.0
2021-05-03,75994,70010,83341.0,424.0,15130.0,44701.0,27411.0,11683.0,10580.0,42723.0
2021-05-04,76044,70052,83442.0,424.0,15135.0,44745.0,27442.0,11693.0,10595.0,42770.0
2021-05-05,76144,70121,83536.0,425.0,15156.0,44806.0,27483.0,11700.0,10611.0,42848.0
2021-05-06,76191,70135,83630.0,426.0,15171.0,44843.0,27539.0,11713.0,10628.0,42900.0
2021-05-07,76317,70200,83746.0,427.0,15198.0,44949.0,27589.0,11726.0,10644.0,42970.0
2021-05-08,76378,70247,83849.0,426.0,15214.0,44991.0,27614.0,11735.0,10658.0,43075.0
2021-05-09,76416,70279,83904.0,429.0,15226.0,45034.0,27635.0,11752.0,10663.0,43132.0
2021-05-10,76438,70303,83944.0,429.0,15231.0,45046.0,27655.0,11754.0,10671.0,43162.0
2021-05-11,76460,70344,84019.0,430.0,15239.0,45064.0,27686.0,11759.0,10679.0,43211.0
2021-05-12,76512,70399,84101.0,430.0,15242.0,45094.0,27716.0,11771.0,10687.0,43262.0
2021-05-13,76560,70440,84181.0,430.0,15246.0,45098.0,27729.0,11780.0,10700.0,43315.0
2021-05-14,76586,70488,84289.0,431.0,15252.0,45070.0,27740.0,11786.0,10715.0,43373.0
2021-05-15,76640,70512,84386.0,431.0,15258.0,45117.0,27772.0,11796.0,10722.0,43414.0
2021-05-16,76663,70545,84454.0,431.0,15266.0,45133.0,27783.0,11798.0,10731.0,43447.0
2021-05-17,76678,70576,84493.0,432.0,15272.0,45146.0,27799.0,11799.0,10735.0,43464.0
2021-05-18,76688,70602,84529.0,433.0,15272.0,45162.0,27811.0,11799.0,10741.0,43481.0
2021-05-19,76717,70631,84593.0,434.0,15279.0,45197.0,27817.0,11799.0,10748.0,43520.0
2021-05-20,76759,70661,84640.0,434.0,15284.0,45229.0,27833.0,11817.0,10750.0,43559.0
2021-05-21,76795,70691,84721.0,434.0,15285.0,45250.0,27846.0,11818.0,10759.0,43604.0
2021-05-22,76827,70723,84778.0,434.0,15289.0,45285.0,27860.0,11822.0,10769.0,43631.0
2021-05-23,76849,70744,84822.0,434.0,15289.0,45311.0,27862.0,11825.0,10782.0,43644.0
2021-05-24,76843,70758,84845.0,433.0,15287.0,45313.0,27864.0,11827.0,10804.0,43658.0
2021-05-25,76862,70774,84870.0,433.0,15287.0,45331.0,27873.0,11832.0,10812.0,43678.0
2021-05-26,76877,70789,84908.0,433.0,15284.0,45361.0,27889.0,11831.0,10822.0,43699.0
2021-05-27,76955,70819,84948.0,433.0,15282.0,45365.0,27902.0,11834.0,10833.0,43715.0
2021-05-28,76969,70839,84994.0,433.0,15288.0,45392.0,27916.0,11835.0,10847.0,43745.0
2021-05-29,76973,70856,85028.0,433.0,15290.0,45413.0,27923.0,11839.0,10856.0,43765.0
2021-05-30,76995,70953,85071.0,433.0,15293.0,45420.0,27922.0,11838.0,10858.0,43784.0
2021-05-31,77002,70971,85094.0,433.0,15291.0,45420.0,27922.0,11838.0,10863.0,43793.0
2021-06-01,77004,70980,85117.0,431.0,15292.0,45422.0,27923.0,11838.0,10867.0,43802.0
2021-06-02,77010,70985,85127.0,431.0,15291.0,45438.0,27940.0,11837.0,10872.0,43809.0
2021-06-03,77011,70994,85149.0,431.0,15294.0,45446.0,27954.0,11838.0,10883.0,43822.0
2021-06-04,77018,71009,85171.0,431.0,15293.0,45452.0,27956.0,11842.0,10889.0,43829.0
2021-06-05,77026,71022,85194.0,431.0,15293.0,45468.0,27966.0,11845.0,10891.0,43840.0
2021-06-06,77029,71029,85223.0,431.0,15293.0,45479.0,27969.0,11846.0,10893.0,43847.0
2021-06-07,77037,71036,85242.0,430.0,15296.0,45493.0,27975.0,11846.0,10894.0,43856.0
2021-06-08,77028,71046,85257.0,430.0,15295.0,45510.0,27986.0,11846.0,10900.0,43863.0
2021-06-09,77021,71061,85278.0,430.0,15290.0,45530.0,27991.0,11848.0,10901.0,43877.0
2021-06-10,77027,71075,85304.0,430.0,15288.0,45549.0,28007.0,11847.0,10908.0,43882.0
2021-06-11,77026,71085,85335.0,429.0,15287.0,45566.0,28008.0,11846.0,10918.0,43892.0
2021-06-12,77026,71096,85362.0,429.0,15288.0,45574.0,28014.0,11854.0,10927.0,43900.0
2021-06-13,77023,71104,85374.0,429.0,15292.0,45585.0,28015.0,11854.0,10931.0,43903.0
2021-06-14,77017,71111,85386.0,429.0,15293.0,45590.0,28015.0,11854.0,10935.0,43906.0
2021-06-15,77011,71116,85402.0,429.0,15296.0,45607.0,28019.0,11851.0,10938.0,43913.0
2021-06-16,77022,71122,85415.0,429.0,15297.0,45628.0,28031.0,11856.0,10940.0,43918.0
2021-06-17,77022,71132,85427.0,430.0,15298.0,45643.0,28033.0,11858.0,10942.0,43925.0
2021-06-18,77025,71140,85443.0,430.0,15296.0,45657.0,28037.0,11860.0,10948.0,43932.0
2021-06-19,77026,71148,85451.0,430.0,15297.0,45676.0,28037.0,11862.0,10953.0,43939.0
2021-06-20,77025,71156,85454.0,430.0,15301.0,45684.0,28036.0,11861.0,10955.0,43942.0
2021-06-21,77038,71161,85460.0,430.0,15301.0,45695.0,28045.0,11862.0,10955.0,43945.0
2021-06-22,77045,71164,85470.0,430.0,15303.0,45707.0,28051.0,11863.0,10957.0,43949.0
2021-06-23,77057,71170,85477.0,429.0,15299.0,45728.0,28065.0,11864.0,10959.0,43955.0
2021-06-24,77063,71172,85486.0,429.0,15296.0,45733.0,28084.0,11872.0,10960.0,43965.0
2021-06-25,77072,71185,85501.0,430.0,15302.0,45743.0,28085.0,11874.0,10961.0,43971.0
2021-06-26,77091,71192,85517.0,430.0,15301.0,45755.0,28091.0,11879.0,10961.0,43973.0
2021-06-27,77098,71204,85535.0,431.0,15303.0,45774.0,28093.0,11880.0,10964.0,43978.0
2021-06-28,77102,71213,85544.0,430.0,15305.0,45776.0,28097.0,11879.0,10964.0,43981.0
2021-06-29,77107,71222,85549.0,430.0,15298.0,45777.0,28102.0,11880.0,10965.0,43982.0
2021-06-30,77136,71231,85558.0,430.0,15301.0,45792.0,28097.0,11882.0,10968.0,43989.0
2021-07-01,77162,71241,85577.0,430.0,15304.0,45803.0,28099.0,11887.0,10970.0,43993.0
2021-07-02,77171,71260,85596.0,430.0,15309.0,45810.0,28095.0,11891.0,10972.0,44001.0
2021-07-03,77173,71276,85617.0,430.0,15313.0,45813.0,28094.0,11890.0,10975.0,44008.0
2021-07-04,77187,71284,85632.0,430.0,15316.0,45821.0,28095.0,11893.0,10977.0,44009.0
2021-07-05,77196,71294,85640.0,430.0,15318.0,45828.0,28102.0,11894.0,10978.0,44013.0
2021-07-06,77200,71302,85648.0,430.0,15319.0,45835.0,28105.0,11895.0,10980.0,44020.0
2021-07-07,77210,71308,85657.0,430.0,15321.0,45847.0,28110.0,11900.0,10982.0,44024.0
2021-07-08,77235,71319,85675.0,430.0,15325.0,45863.0,28114.0,11903.0,10983.0,44037.0
2021-07-09,77256,71347,85700.0,429.0,15329.0,45875.0,28121.0,11916.0,10986.0,44047.0
2021-07-10,77285,71362,85727.0,429.0,15341.0,45901.0,28128.0,11914.0,10990.0,44060.0
2021-07-11,77297,71372,85741.0,429.0,15347.0,45910.0,28134.0,11916.0,10991.0,44071.0
2021-07-12,77313,71385,85758.0,429.0,15350.0,45922.0,28141.0,11921.0,10994.0,44080.0
2021-07-13,77346,71405,85800.0,430.0,15361.0,45935.0,28151.0,11927.0,11000.0,44089.0
2021-07-14,77371,71420,85821.0,430.0,15363.0,45946.0,28168.0,11933.0,11006.0,44097.0
2021-07-15,77419,71447,85876.0,430.0,15366.0,45968.0,28188.0,11934.0,11007.0,44122.0
2021-07-16,77465,71483,85915.0,430.0,15372.0,45993.0,28207.0,11943.0,11017.0,44140.0
2021-07-17,77465,71513,85961.0,430.0,15372.0,45993.0,28207.0,11943.0,11022.0,44173.0
2021-07-18,77465,71544,86003.0,430.0,15372.0,45993.0,28207.0,11943.0,11026.0,44184.0
2021-07-19,77569,71570,86026.0,430.0,15389.0,46048.0,28233.0,11963.0,11036.0,44192.0
2021-07-20,77612,71589,86054.0,430.0,15404.0,46069.0,28292.0,11972.0,11042.0,44204.0
2021-07-21,77680,71630,86113.0,430.0,15410.0,46120.0,28315.0,11978.0,11047.0,44225.0
2021-07-22,77754,71687,86165.0,430.0,15422.0,46152.0,28337.0,11991.0,11061.0,44260.0
2021-07-23,77838,71742,86215.0,430.0,15435.0,46184.0,28376.0,12016.0,11068.0,44299.0
2021-07-24,77838,71793,86276.0,430.0,15435.0,46184.0,28376.0,12016.0,11079.0,44333.0
2021-07-25,77838,71839,86326.0,430.0,15435.0,46184.0,28376.0,12016.0,11090.0,44358.0
2021-07-26,78026,71893,86383.0,430.0,15482.0,46263.0,28441.0,12049.0,11102.0,44388.0
2021-07-27,78078,71924,86444.0,430.0,15504.0,46299.0,28478.0,12065.0,11112.0,44416.0
2021-07-28,78159,71981,86527.0,430.0,15522.0,46359.0,28530.0,12090.0,11122.0,44466.0
2021-07-29,78246,72042,86613.0,430.0,15542.0,46397.0,28554.0,12102.0,11148.0,44545.0
2021-07-30,78317,72139,86697.0,431.0,15579.0,46448.0,28600.0,12119.0,11163.0,44590.0
2021-07-31,78317,72237,86806.0,431.0,15579.0,46448.0,28600.0,12119.0,11192.0,44641.0
2021-08-01,78317,72327,86912.0,431.0,15579.0,46448.0,28600.0,12119.0,11213.0,44697.0
2021-08-02,78633,72393,87012.0,431.0,15654.0,46625.0,28728.0,12165.0,11233.0,44736.0
2021-08-03,78728,72434,87092.0,431.0,15674.0,46688.0,28757.0,12186.0,11246.0,44775.0
2021-08-04,78841,72532,87237.0,431.0,15700.0,46774.0,28814.0,12202.0,11275.0,44851.0
2021-08-05,78955,72647,87354.0,432.0,15727.0,46848.0,28859.0,12227.0,11293.0,44947.0
2021-08-06,79102,72765,87533.0,434.0,15769.0,46923.0,28909.0,12240.0,11341.0,45023.0
2021-08-07,79102,72876,87722.0,434.0,15769.0,46923.0,28909.0,12240.0,11388.0,45106.0
2021-08-08,79102,73022,87893.0,434.0,15769.0,46923.0,28909.0,12240.0,11434.0,45173.0
2021-08-09,79448,73109,88019.0,436.0,15873.0,47121.0,29048.0,12298.0,11451.0,45218.0
2021-08-10,79581,73229,88143.0,438.0,15896.0,47201.0,29109.0,12312.0,11481.0,45274.0
2021-08-11,79717,73359,88309.0,438.0,15932.0,47281.0,29179.0,12336.0,11512.0,45357.0
2021-08-12,79901,73503,88499.0,441.0,15973.0,47383.0,29247.0,12369.0,11565.0,45451.0
2021-08-13,80012,73586,88661.0,441.0,16006.0,47471.0,29316.0,12390.0,11623.0,45538.0
2021-08-14,80012,73696,88858.0,441.0,16006.0,47471.0,29316.0,12390.0,11649.0,45610.0
2021-08-15,80012,73812,89033.0,441.0,16006.0,47471.0,29316.0,12390.0,11682.0,45686.0
2021-08-16,80403,73893,89173.0,442.0,16099.0,47662.0,29414.0,12450.0,11722.0,45730.0
2021-08-17,80571,74011,89317.0,445.0,16136.0,47758.0,29459.0,12480.0,11769.0,45792.0
2021-08-18,80720,74121,89509.0,446.0,16164.0,47867.0,29529.0,12490.0,11808.0,45903.0
2021-08-19,80909,74260,89684.0,446.0,16203.0,47954.0,29581.0,12526.0,11847.0,45989.0
2021-08-20,81115,74428,89880.0,446.0,16236.0,48067.0,29644.0,12558.0,11903.0,46089.0
2021-08-21,81115,74604,90048.0,446.0,16236.0,48067.0,29644.0,12558.0,11948.0,46183.0
2021-08-22,81115,74713,90191.0,446.0,16236.0,48067.0,29644.0,12558.0,11977.0,46349.0
2021-08-23,81562,74858,90347.0,450.0,16327.0,48265.0,29833.0,12620.0,12025.0,46404.0
2021-08-24,81716,74963,90497.0,450.0,16362.0,48386.0,29902.0,12654.0,12055.0,46485.0
2021-08-25,81964,75104,90726.0,456.0,16415.0,48540.0,29995.0,12684.0,12102.0,46601.0
2021-08-26,82143,75256,90906.0,458.0,16458.0,48645.0,30060.0,12719.0,12159.0,46724.0
2021-08-27,82324,75413,91128.0,459.0,16493.0,48744.0,30125.0,12751.0,12225.0,46843.0
2021-08-28,82324,75603,91345.0,459.0,16493.0,48744.0,30125.0,12751.0,12283.0,46978.0
2021-08-29,82324,75795,91521.0,459.0,16493.0,48744.0,30125.0,12751.0,12334.0,47052.0
2021-08-30,82840,75910,91650.0,465.0,16597.0,49004.0,30311.0,12798.0,12383.0,47132.0
2021-08-31,82955,76069,91811.0,468.0,16619.0,49099.0,30375.0,12817.0,12447.0,47210.0
2021-09-01,83150,76210,92046.0,469.0,16649.0,49236.0,30441.0,12848.0,12516.0,47368.0
2021-09-02,83330,76388,92218.0,472.0,16680.0,49341.0,30485.0,12885.0,12544.0,47518.0
2021-09-03,83526,76537,92421.0,476.0,16736.0,49476.0,30641.0,12918.0,12611.0,47637.0
2021-09-04,83526,76662,92612.0,476.0,16736.0,49476.0,30641.0,12918.0,12666.0,47781.0
2021-09-05,83526,76756,92755.0,476.0,16736.0,49476.0,30641.0,12918.0,12697.0,47868.0
2021-09-06,83945,76882,92895.0,482.0,16851.0,49703.0,30863.0,12979.0,12731.0,47957.0
2021-09-07,84056,76984,93036.0,488.0,16872.0,49744.0,30903.0,12994.0,12774.0,48020.0
2021-09-08,84278,77077,93160.0,489.0,16949.0,49877.0,31051.0,13025.0,12806.0,48095.0
2021-09-09,84479,77182,93298.0,492.0,16991.0,49992.0,31073.0,13062.0,12826.0,48174.0
2021-09-10,84765,77316,93556.0,493.0,17045.0,50211.0,31101.0,13105.0,12897.0,48304.0
2021-09-11,84765,77457,93736.0,493.0,17045.0,50211.0,31101.0,13105.0,12953.0,48452.0
2021-09-12,84765,77573,93908.0,493.0,17045.0,50211.0,31101.0,13105.0,12999.0,48563.0
2021-09-13,85236,77747,94058.0,495.0,17175.0,50505.0,31342.0,13209.0,13044.0,48666.0
2021-09-14,85432,77921,94222.0,496.0,17207.0,50605.0,31407.0,13247.0,13084.0,48748.0
2021-09-15,85647,78018,94422.0,500.0,17249.0,50743.0,31478.0,13280.0,13125.0,48859.0
2021-09-16,85911,78181,94578.0,504.0,17294.0,50919.0,31553.0,13305.0,13194.0,48981.0
2021-09-17,86081,78339,94749.0,502.0,17339.0,51044.0,31654.0,13336.0,13243.0,49102.0
2021-09-18,86081,78479,94913.0,502.0,17339.0,51044.0,31654.0,13336.0,13284.0,49222.0
2021-09-19,86081,78581,95044.0,502.0,17339.0,51044.0,31654.0,13336.0,13327.0,49328.0
2021-09-20,86498,78686,95187.0,502.0,17435.0,51321.0,31910.0,13399.0,13368.0,49409.0
2021-09-21,86689,78806,95330.0,505.0,17464.0,51483.0,32012.0,13439.0,13402.0,49479.0
2021-09-22,86917,78903,95489.0,507.0,17498.0,51621.0,32122.0,13467.0,13437.0,49580.0
2021-09-23,87134,79031,95666.0,507.0,17526.0,51773.0,32220.0,13480.0,13473.0,49734.0
2021-09-24,87356,79148,95840.0,510.0,17571.0,51906.0,32308.0,13513.0,13524.0,49858.0
2021-09-25,87356,79321,96052.0,510.0,17571.0,51906.0,32308.0,13513.0,13561.0,49989.0
2021-09-26,87356,79424,96183.0,510.0,17571.0,51906.0,32308.0,13513.0,13583.0,50089.0
2021-09-27,87809,79503,96289.0,514.0,17689.0,52169.0,32529.0,13585.0,13614.0,50184.0
2021-09-28,87942,79606,96416.0,517.0,17709.0,52270.0,32604.0,13605.0,13637.0,50235.0
2021-09-29,88176,79701,96539.0,517.0,17750.0,52447.0,32662.0,13625.0,13672.0,50344.0
2021-09-30,88328,79858,96717.0,518.0,17775.0,52588.0,32745.0,13650.0,13724.0,50484.0
2021-10-01,88464,79999,96924.0,519.0,17799.0,52702.0,32793.0,13674.0,13788.0,50597.0
2021-10-02,88464,80120,97028.0,519.0,17799.0,52702.0,32793.0,13674.0,13828.0,50737.0
2021-10-03,88464,80226,97145.0,519.0,17799.0,52702.0,32793.0,13674.0,13864.0,50861.0
2021-10-04,88852,80323,97246.0,524.0,17906.0,52972.0,32954.0,13754.0,13886.0,50965.0
2021-10-05,88896,80416,97306.0,524.0,17926.0,53021.0,33017.0,13761.0,13910.0,51012.0
2021-10-06,89102,80499,97428.0,524.0,17967.0,53151.0,33084.0,13790.0,13945.0,51121.0
2021-10-07,89287,80649,97559.0,526.0,18004.0,53250.0,33122.0,13814.0,13985.0,51244.0
2021-10-08,89473,80743,97665.0,530.0,18046.0,53386.0,33175.0,13850.0,14009.0,51358.0
2021-10-09,89473,80858,97786.0,530.0,18046.0,53386.0,33175.0,13850.0,14039.0,51473.0
2021-10-10,89473,80969,98115.0,530.0,18046.0,53386.0,33175.0,13850.0,14087.0,51564.0
2021-10-11,89473,81056,98202.0,530.0,18046.0,53386.0,33175.0,13850.0,14101.0,51623.0
2021-10-12,89944,81079,98280.0,535.0,18161.0,53712.0,33350.0,13938.0,14112.0,51649.0
2021-10-13,90083,81193,98403.0,536.0,18195.0,53809.0,33414.0,13971.0,14140.0,51746.0
2021-10-14,90234,81296,98498.0,539.0,18235.0,53952.0,33482.0,13987.0,14159.0,51881.0
2021-10-15,90382,81389,98612.0,540.0,18265.0,54059.0,33536.0,14019.0,14188.0,51963.0
2021-10-16,90382,81458,98717.0,540.0,18265.0,54059.0,33536.0,14019.0,14223.0,52043.0
2021-10-17,90382,81538,98827.0,540.0,18265.0,54059.0,33536.0,14019.0,14246.0,52122.0
2021-10-18,90793,81608,98898.0,542.0,18354.0,54279.0,33659.0,14070.0,14275.0,52158.0
2021-10-19,90936,81669,98955.0,541.0,18367.0,54348.0,33715.0,14090.0,14289.0,52222.0
2021-10-20,91057,81742,99034.0,545.0,18392.0,54470.0,33766.0,14119.0,14310.0,52305.0
2021-10-21,91190,81819,99120.0,543.0,18415.0,54568.0,33816.0,14132.0,14338.0,52416.0
2021-10-22,91314,81884,99204.0,543.0,18449.0,54635.0,33870.0,14148.0,14365.0,52486.0
2021-10-23,91314,81964,99266.0,543.0,18449.0,54635.0,33870.0,14148.0,14400.0,52600.0
2021-10-24,91314,82039,99336.0,543.0,18449.0,54635.0,33870.0,14148.0,14420.0,52663.0
2021-10-25,91545,82088,99381.0,544.0,18525.0,54805.0,34005.0,14194.0,14436.0,52712.0
2021-10-26,91628,82146,99449.0,544.0,18539.0,54842.0,34035.0,14211.0,14449.0,52763.0
2021-10-27,91747,82213,99544.0,545.0,18572.0,54913.0,34074.0,14231.0,14460.0,52847.0
2021-10-28,91844,82321,99642.0,545.0,18594.0,55000.0,34125.0,14255.0,14483.0,52963.0
2021-10-29,91963,82416,99732.0,545.0,18624.0,55079.0,34176.0,14277.0,14506.0,53046.0
2021-10-30,91963,82524,99831.0,545.0,18624.0,55079.0,34176.0,14277.0,14522.0,53125.0
2021-10-31,91963,82583,99888.0,545.0,18624.0,55079.0,34176.0,14277.0,14533.0,53175.0
2021-11-01,92128,82626,99928.0,563.0,18674.0,55241.0,34266.0,14331.0,14545.0,53214.0
2021-11-02,92182,82684,99992.0,572.0,18695.0,55280.0,34300.0,14342.0,14552.0,53261.0
2021-11-03,92312,82747,100068.0,572.0,18722.0,55344.0,34355.0,14363.0,14571.0,53332.0
2021-11-04,92377,82841,100138.0,579.0,18739.0,55422.0,34408.0,14378.0,14584.0,53426.0
2021-11-05,92427,82941,100221.0,589.0,18766.0,55478.0,34455.0,14400.0,14599.0,53511.0
2021-11-06,92427,83011,100325.0,589.0,18766.0,55478.0,34455.0,14400.0,14617.0,53600.0
2021-11-07,92427,83102,100401.0,589.0,18766.0,55478.0,34455.0,14400.0,14635.0,53659.0
2021-11-08,92594,83148,100442.0,600.0,18853.0,55632.0,34544.0,14455.0,14648.0,53709.0
2021-11-09,92658,83214,100488.0,601.0,18892.0,55743.0,34594.0,14460.0,14657.0,53741.0
2021-11-10,92723,83310,100563.0,616.0,18915.0,55793.0,34655.0,14488.0,14675.0,53802.0
2021-11-11,92793,83400,100654.0,636.0,18960.0,55873.0,34732.0,14509.0,14696.0,53878.0
2021-11-12,92907,83496,100737.0,639.0,18990.0,55938.0,34782.0,14524.0,14703.0,53954.0
2021-11-13,92907,83599,100806.0,639.0,18990.0,55938.0,34782.0,14524.0,14717.0,54037.0
2021-11-14,92907,83689,100867.0,639.0,18990.0,55938.0,34782.0,14524.0,14723.0,54122.0
2021-11-15,93134,83751,100928.0,658.0,19063.0,56105.0,34928.0,14562.0,14733.0,54200.0
2021-11-16,93142,83844,101002.0,681.0,19089.0,56165.0,34980.0,14571.0,14737.0,54258.0
2021-11-17,93355,83919,101063.0,686.0,19143.0,56314.0,35094.0,14601.0,14747.0,54341.0
2021-11-18,93462,84033,101159.0,699.0,19176.0,56411.0,35191.0,14616.0,14762.0,54442.0
2021-11-19,93639,84162,101261.0,702.0,19221.0,56495.0,35260.0,14647.0,14783.0,54552.0
2021-11-20,93639,84285,101327.0,702.0,19221.0,56495.0,35260.0,14647.0,14802.0,54656.0
2021-11-21,93639,84402,101432.0,702.0,19221.0,56495.0,35260.0,14647.0,14820.0,54766.0
2021-11-22,93998,84495,101511.0,705.0,19289.0,56658.0,35455.0,14701.0,14842.0,54828.0
2021-11-23,94121,84603,101575.0,708.0,19324.0,56716.0,35514.0,14714.0,14854.0,54890.0
2021-11-24,94292,84679,101648.0,710.0,19353.0,56772.0,35585.0,14728.0,14874.0,54975.0
2021-11-25,94453,84679,101648.0,711.0,19389.0,56845.0,35641.0,14740.0,14874.0,54975.0
2021-11-26,94555,84679,101648.0,713.0,19414.0,56888.0,35699.0,14753.0,14874.0,54975.0
2021-11-27,94555,85028,101892.0,713.0,19414.0,56888.0,35699.0,14753.0,14919.0,55243.0
2021-11-28,94555,85140,101950.0,713.0,19414.0,56888.0,35699.0,14753.0,14929.0,55290.0
2021-11-29,94835,85222,102019.0,715.0,19470.0,57023.0,35847.0,14789.0,14940.0,55371.0
2021-11-30,94982,85362,102124.0,716.0,19505.0,57104.0,35934.0,14806.0,14964.0,55496.0
2021-12-01,95238,85482,102232.0,718.0,19543.0,57253.0,36064.0,14837.0,14979.0,55614.0
2021-12-02,95470,85667,102401.0,717.0,19600.0,57384.0,36186.0,14879.0,15007.0,55797.0
2021-12-03,95666,85863,102539.0,719.0,19673.0,57508.0,36292.0,14922.0,15030.0,55953.0
2021-12-04,95666,86063,102695.0,719.0,19673.0,57508.0,36292.0,14922.0,15070.0,56118.0
2021-12-05,95666,86063,102695.0,719.0,19673.0,57508.0,36292.0,14922.0,15070.0,56118.0
2021-12-06,96161,86063,102695.0,728.0,19828.0,57794.0,36571.0,15016.0,15070.0,56118.0
2021-12-07,96309,86063,102695.0,733.0,19893.0,57899.0,36677.0,15056.0,15070.0,56118.0
2021-12-08,96647,86063,102695.0,736.0,19952.0,58085.0,36816.0,15105.0,15070.0,56118.0
2021-12-09,96870,86063,102695.0,736.0,20037.0,58221.0,36928.0,15140.0,15070.0,56118.0
2021-12-10,97108,86063,102695.0,736.0,20112.0,58346.0,37054.0,15185.0,15070.0,56118.0
2021-12-11,97108,86063,102695.0,736.0,20112.0,58346.0,37054.0,15185.0,15070.0,56118.0
2021-12-12,97108,86063,102695.0,736.0,20112.0,58346.0,37054.0,15185.0,15070.0,56118.0
2021-12-13,97678,86063,102695.0,741.0,20292.0,58676.0,37384.0,15300.0,15070.0,56118.0
2021-12-14,97873,86063,102695.0,741.0,20360.0,58777.0,37530.0,15332.0,15070.0,56118.0
2021-12-15,98198,86063,102695.0,746.0,20448.0,58937.0,37708.0,15407.0,15070.0,56118.0
2021-12-16,98517,86063,102695.0,749.0,20616.0,59110.0,37893.0,15517.0,15070.0,56118.0
2021-12-17,98953,86063,102695.0,754.0,20801.0,59310.0,38086.0,15633.0,15070.0,56118.0
2021-12-18,98953,86063,102695.0,754.0,20801.0,59310.0,38086.0,15633.0,15070.0,56118.0
2021-12-19,98953,86063,102695.0,754.0,20801.0,59310.0,38086.0,15633.0,15070.0,56118.0
2021-12-20,100422,86063,102695.0,785.0,21494.0,59986.0,38699.0,16075.0,15070.0,56118.0
2021-12-21,101141,86063,102695.0,790.0,21755.0,60281.0,39045.0,16238.0,15070.0,56118.0
2021-12-22,102304,86063,102695.0,803.0,22062.0,60819.0,39481.0,16495.0,15070.0,56118.0
2021-12-23,103513,86063,102695.0,821.0,22421.0,61354.0,39898.0,16811.0,15070.0,56118.0
2021-12-24,105063,86063,102695.0,828.0,23013.0,62030.0,40503.0,17121.0,15070.0,56118.0
2021-12-25,105063,86063,102695.0,828.0,23013.0,62030.0,40503.0,17121.0,15070.0,56118.0
2021-12-26,105063,86063,102695.0,828.0,23013.0,62030.0,40503.0,17121.0,15070.0,56118.0
2021-12-27,108291,86063,102695.0,879.0,24041.0,63603.0,41565.0,17814.0,15070.0,56118.0
2021-12-28,109754,97625,119509.0,898.0,24463.0,64182.0,42080.0,18082.0,17890.0,62584.0
2021-12-29,111579,99676,121445.0,920.0,24753.0,65360.0,42751.0,18319.0,18072.0,63513.0
2021-12-30,113641,102727,124049.0,945.0,25386.0,66310.0,43392.0,18779.0,18451.0,64714.0
2021-12-31,116752,102727,124049.0,984.0,26170.0,67877.0,44607.0,18480.0,18451.0,64714.0
2022-01-01,116752,102727,124049.0,984.0,26170.0,67877.0,44607.0,18480.0,18451.0,64714.0
2022-01-02,116752,108487,130733.0,984.0,26170.0,67877.0,44607.0,18480.0,19911.0,67820.0
2022-01-03,123216,113408,132485.0,1050.0,27474.0,70998.0,46772.0,20419.0,20439.0,68609.0
2022-01-04,124776,116541,135422.0,1072.0,27795.0,71895.0,47513.0,20875.0,20801.0,69748.0
2022-01-05,126161,118025,137124.0,1142.0,27995.0,72503.0,48419.0,21086.0,21032.0,70577.0
2022-01-06,128094,121126,139159.0,1170.0,28681.0,73405.0,49295.0,21422.0,21328.0,71512.0
2022-01-07,130735,123602,140789.0,1214.0,29131.0,74775.0,50276.0,21809.0,21507.0,72569.0
2022-01-08,130735,126562,142976.0,1214.0,29131.0,74775.0,50276.0,21809.0,21969.0,73346.0
2022-01-09,130735,130947,145536.0,1214.0,29131.0,74775.0,50276.0,21809.0,22404.0,74644.0
2022-01-10,138390,133716,146908.0,1325.0,31308.0,78059.0,52772.0,23325.0,22627.0,75441.0
2022-01-11,140700,136420,148553.0,1361.0,31792.0,79407.0,53685.0,23737.0,22860.0,76143.0
2022-01-12,143380,138878,150116.0,1417.0,32518.0,80922.0,54613.0,24210.0,23240.0,76866.0
2022-01-13,145736,141325,151698.0,1460.0,33070.0,81904.0,55231.0,24719.0,23561.0,77673.0
2022-01-14,147621,143161,153089.0,1494.0,33423.0,82684.0,55773.0,25027.0,23817.0,78505.0
2022-01-15,147621,145579,154164.0,1494.0,33423.0,82684.0,55773.0,25027.0,24058.0,79236.0
2022-01-16,147621,147173,155172.0,1494.0,33423.0,82684.0,55773.0,25027.0,24380.0,79754.0
2022-01-17,152606,148594,155989.0,1572.0,34818.0,84476.0,57390.0,25899.0,24537.0,80156.0
2022-01-18,154136,148965,156303.0,1584.0,35206.0,85354.0,57869.0,26097.0,24676.0,80455.0
2022-01-19,155488,149910,156768.0,1601.0,35479.0,86275.0,58410.0,26340.0,24859.0,80749.0
2022-01-20,156641,152069,158325.0,1617.0,35842.0,86761.0,58949.0,26617.0,25161.0,81516.0
2022-01-21,158184,152796,158916.0,1638.0,36214.0,87400.0,59462.0,26871.0,25345.0,81910.0
2022-01-22,158184,153685,159403.0,1638.0,36214.0,87400.0,59462.0,26871.0,25546.0,82293.0
2022-01-23,158184,154202,159769.0,1638.0,36214.0,87400.0,59462.0,26871.0,25626.0,82603.0
2022-01-24,160656,154662,160028.0,1674.0,36802.0,88540.0,60267.0,27353.0,25697.0,82816.0
2022-01-25,161772,155058,160286.0,1700.0,37020.0,89332.0,60750.0,27475.0,25799.0,83041.0
2022-01-26,162661,155730,160639.0,1711.0,37211.0,89654.0,61102.0,27605.0,25886.0,83336.0
2022-01-27,163438,156202,161020.0,1724.0,37386.0,90032.0,61419.0,27730.0,25983.0,83689.0
2022-01-28,164197,156648,161338.0,1738.0,37609.0,90326.0,61667.0,27894.0,26079.0,83958.0
2022-01-29,164197,156985,161543.0,1738.0,37609.0,90326.0,61667.0,27894.0,26147.0,84172.0
2022-01-30,164197,157323,161742.0,1738.0,37609.0,90326.0,61667.0,27894.0,26203.0,84320.0
2022-01-31,165927,157489,161845.0,1774.0,38090.0,91017.0,62253.0,28302.0,26250.0,84380.0
2022-02-01,166375,157894,161964.0,1783.0,38187.0,91150.0,62390.0,28416.0,26316.0,84497.0
2022-02-02,166999,158047,162132.0,1792.0,38359.0,91438.0,62621.0,28528.0,26354.0,84613.0
2022-02-03,167576,158281,162277.0,1803.0,38498.0,91673.0,62886.0,28632.0,26408.0,84804.0
2022-02-04,168027,158500,162460.0,1813.0,38681.0,91920.0,63102.0,28724.0,26465.0,84958.0
2022-02-05,168027,158884,162651.0,1813.0,38681.0,91920.0,63102.0,28724.0,26520.0,85090.0
2022-02-06,168027,159047,162762.0,1813.0,38681.0,91920.0,63102.0,28724.0,26537.0,85190.0
2022-02-07,168980,159133,162837.0,1836.0,38956.0,92378.0,63454.0,28838.0,26556.0,85275.0
2022-02-08,169343,159248,162914.0,1841.0,39015.0,92536.0,63614.0,28881.0,26581.0,85347.0
2022-02-09,169609,159359,162974.0,1847.0,39078.0,92685.0,63736.0,28942.0,26594.0,85431.0
2022-02-10,169905,159485,163088.0,1853.0,39178.0,92824.0,63874.0,29004.0,26652.0,85510.0
2022-02-11,170207,159819,163417.0,1859.0,39286.0,92910.0,64052.0,29097.0,26728.0,85656.0
2022-02-12,170207,159978,163487.0,1859.0,39286.0,92910.0,64052.0,29097.0,26763.0,85734.0
2022-02-13,170207,160096,163562.0,1859.0,39286.0,92910.0,64052.0,29097.0,26777.0,85801.0
2022-02-14,170760,160165,163601.0,1871.0,39449.0,93095.0,64324.0,29204.0,26803.0,85834.0
2022-02-15,170965,160227,163614.0,1872.0,39508.0,93278.0,64466.0,29234.0,26818.0,85895.0
2022-02-16,171079,163973,168128.0,1880.0,39583.0,93450.0,64610.0,29267.0,27396.0,87538.0
2022-02-17,171227,164086,168209.0,1885.0,39629.0,93458.0,64718.0,29307.0,27416.0,87616.0
2022-02-18,171344,164256,168310.0,1897.0,39749.0,93559.0,64804.0,29345.0,27444.0,87688.0
2022-02-19,171344,164426,168367.0,1897.0,39749.0,93559.0,64804.0,29345.0,27472.0,87757.0
2022-02-20,171344,164511,168425.0,1897.0,39749.0,93559.0,64804.0,29345.0,27479.0,87823.0
2022-02-21,171799,164511,168425.0,1913.0,39923.0,93613.0,64964.0,29420.0,27479.0,87823.0
2022-02-22,171883,164659,168500.0,1913.0,39985.0,93613.0,64992.0,29434.0,27506.0,87895.0
2022-02-23,172045,164711,168538.0,1915.0,40002.0,93613.0,65064.0,29454.0,27514.0,87930.0
2022-02-24,172124,164819,168602.0,1915.0,40039.0,93434.0,65131.0,29487.0,27525.0,87989.0
2022-02-25,172256,164949,168669.0,1916.0,40047.0,93454.0,65174.0,29539.0,27534.0,88045.0
2022-02-26,172256,165096,168854.0,1916.0,40047.0,93454.0,65174.0,29539.0,27560.0,88112.0
2022-02-27,172256,165158,168895.0,1916.0,40047.0,93454.0,65174.0,29539.0,27571.0,88155.0
2022-02-28,172659,165216,168933.0,1918.0,40144.0,93553.0,65331.0,29558.0,27579.0,88188.0
2022-03-01,172780,165285,168980.0,1916.0,40187.0,93604.0,65434.0,29581.0,27590.0,88227.0
2022-03-02,172919,165353,169019.0,1919.0,40215.0,93652.0,65650.0,29603.0,27601.0,88281.0
2022-03-03,173087,165439,169040.0,1923.0,40252.0,93653.0,65796.0,29630.0,27612.0,88350.0
2022-03-04,173225,165501,169079.0,1924.0,40260.0,93697.0,65804.0,29662.0,27619.0,88393.0
2022-03-05,173225,165585,169110.0,1924.0,40260.0,93697.0,65804.0,29662.0,27633.0,88424.0
2022-03-06,173225,165638,169153.0,1924.0,40260.0,93697.0,65804.0,29662.0,27645.0,88447.0
2022-03-07,173437,165691,169176.0,1925.0,40327.0,93785.0,65969.0,29734.0,27653.0,88469.0
2022-03-08,173584,165763,169210.0,1926.0,40354.0,93831.0,66038.0,29748.0,27658.0,88495.0
2022-03-09,173759,165805,169246.0,1930.0,40413.0,93869.0,66038.0,29775.0,27669.0,88533.0
2022-03-10,173856,165865,169292.0,1932.0,40449.0,93910.0,66232.0,29792.0,27684.0,88581.0
2022-03-11,173981,165940,169337.0,1935.0,40489.0,93960.0,66362.0,29809.0,27696.0,88605.0
2022-03-12,173981,166003,169373.0,1935.0,40489.0,93960.0,66362.0,29809.0,27704.0,88647.0
2022-03-13,173981,166041,169398.0,1935.0,40489.0,93960.0,66362.0,29809.0,27706.0,88664.0
2022-03-14,174218,166066,169415.0,1939.0,40557.0,94039.0,66492.0,29837.0,27720.0,88678.0
2022-03-15,174337,166101,169449.0,1939.0,40588.0,94100.0,66547.0,29847.0,27724.0,88719.0
2022-03-16,174407,166162,169491.0,1941.0,40643.0,94131.0,66655.0,29859.0,27727.0,88751.0
2022-03-17,174491,166221,169519.0,1942.0,40692.0,94173.0,66790.0,29883.0,27732.0,88789.0
2022-03-18,174638,166295,169561.0,1944.0,40734.0,94237.0,66930.0,29907.0,27752.0,88831.0
2022-03-19,174638,166364,169598.0,1944.0,40734.0,94237.0,66930.0,29907.0,27765.0,88864.0
2022-03-20,174638,166409,169621.0,1944.0,40734.0,94237.0,66930.0,29907.0,27775.0,88876.0
2022-03-21,174814,166453,169634.0,1952.0,40830.0,94312.0,67182.0,29946.0,27780.0,88896.0
2022-03-22,174814,166491,169658.0,1952.0,40830.0,94312.0,67182.0,29946.0,27781.0,88919.0
2022-03-23,175010,166545,169688.0,1958.0,40896.0,94324.0,67416.0,29993.0,27786.0,88941.0
2022-03-24,175107,166632,169730.0,1955.0,40959.0,94462.0,67560.0,30008.0,27795.0,88972.0
2022-03-25,175257,166723,169768.0,1959.0,41014.0,94515.0,67604.0,30026.0,27804.0,88998.0
2022-03-26,175257,166805,169802.0,1959.0,41014.0,94515.0,67604.0,30026.0,27813.0,89042.0
2022-03-27,175257,166856,169831.0,1959.0,41014.0,94515.0,67604.0,30026.0,27822.0,89063.0
2022-03-28,175498,166906,169859.0,1966.0,41120.0,94574.0,67679.0,30083.0,27836.0,89088.0
2022-03-29,175664,166953,169888.0,1971.0,41174.0,94621.0,67727.0,30102.0,27839.0,89115.0
2022-03-30,175772,167038,169920.0,1979.0,41219.0,94644.0,67743.0,30133.0,27846.0,89149.0
2022-03-31,175885,167166,169963.0,1980.0,41279.0,94679.0,67806.0,30151.0,27855.0,89185.0
2022-04-01,175984,167276,170021.0,1986.0,41359.0,94696.0,67866.0,30197.0,27866.0,89232.0
2022-04-02,175984,167276,170021.0,1986.0,41359.0,94696.0,67866.0,30197.0,27866.0,89232.0
2022-04-03,175984,167276,170021.0,1986.0,41359.0,94696.0,67866.0,30197.0,27866.0,89232.0
2022-04-04,176256,167587,170195.0,1992.0,41522.0,94747.0,67950.0,30280.0,27900.0,89313.0
2022-04-05,176431,167689,170249.0,1994.0,41629.0,94795.0,68009.0,30310.0,27904.0,89340.0
2022-04-06,176598,167880,170303.0,1996.0,41708.0,94871.0,68075.0,30345.0,27927.0,89384.0
2022-04-07,176776,168019,170371.0,1998.0,41811.0,94962.0,68124.0,30397.0,27943.0,89434.0
2022-04-08,176962,168157,170437.0,2008.0,41940.0,95039.0,68196.0,30452.0,27954.0,89499.0
2022-04-09,176962,168157,170437.0,2008.0,41940.0,95039.0,68196.0,30452.0,27954.0,89499.0
2022-04-10,176962,168157,170437.0,2008.0,41940.0,95039.0,68196.0,30452.0,27954.0,89499.0
2022-04-11,177378,168647,170678.0,2026.0,42184.0,95145.0,68338.0,30566.0,28002.0,89644.0
2022-04-12,177581,168806,170753.0,2030.0,42262.0,95209.0,68406.0,30610.0,28026.0,89674.0
2022-04-13,177780,168939,170838.0,2032.0,42374.0,95254.0,68477.0,30655.0,28036.0,89712.0
2022-04-14,178036,169172,170944.0,2037.0,42503.0,95324.0,68519.0,30723.0,28070.0,89777.0
2022-04-15,178336,169395,171075.0,2046.0,42605.0,95426.0,68599.0,30775.0,28096.0,89835.0
2022-04-16,178336,169395,171075.0,2046.0,42605.0,95426.0,68599.0,30775.0,28096.0,89835.0
2022-04-17,178336,169395,171075.0,2046.0,42605.0,95426.0,68599.0,30775.0,28096.0,89835.0
2022-04-18,178867,169635,171227.0,2058.0,42852.0,95536.0,68782.0,30932.0,28115.0,89906.0
2022-04-19,179076,170174,171525.0,2063.0,42894.0,95586.0,68841.0,30949.0,28194.0,90079.0
2022-04-20,179307,170351,171630.0,2067.0,43065.0,95619.0,68910.0,31020.0,28207.0,90145.0
2022-04-21,179636,170671,171810.0,2071.0,43208.0,95688.0,69008.0,31079.0,28233.0,90236.0
2022-04-22,180026,170923,171980.0,2076.0,43329.0,95773.0,69110.0,31156.0,28249.0,90307.0
2022-04-23,180026,170923,171980.0,2076.0,43329.0,95773.0,69110.0,31156.0,28249.0,90307.0
2022-04-24,180026,170923,171980.0,2076.0,43329.0,95773.0,69110.0,31156.0,28249.0,90307.0
2022-04-25,180720,171193,172117.0,2086.0,43584.0,95917.0,69344.0,31280.0,28270.0,90403.0
2022-04-26,180989,171828,172408.0,2091.0,43666.0,95858.0,69428.0,31324.0,28331.0,90566.0
2022-04-27,181295,172042,172498.0,2091.0,43805.0,96094.0,69527.0,31382.0,28341.0,90644.0
2022-04-28,181703,172410,172706.0,2095.0,43943.0,96178.0,69639.0,31441.0,28368.0,90774.0
2022-04-29,182039,172800,172870.0,2097.0,44070.0,96271.0,69736.0,31509.0,28422.0,90908.0
2022-04-30,182039,172800,172870.0,2097.0,44070.0,96271.0,69736.0,31509.0,28422.0,90908.0
2022-05-01,182039,172800,172870.0,2097.0,44070.0,96271.0,69736.0,31509.0,28422.0,90908.0
2022-05-02,182828,173123,173067.0,2115.0,44427.0,96495.0,70039.0,31687.0,28460.0,91033.0
2022-05-03,183119,173759,173373.0,2121.0,44502.0,96554.0,70118.0,31734.0,28522.0,91250.0
2022-05-04,183706,174077,173562.0,2132.0,44695.0,96740.0,70314.0,31840.0,28545.0,91410.0
2022-05-05,184210,174448,173758.0,2143.0,44867.0,96874.0,70465.0,31922.0,28579.0,91543.0
2022-05-06,184736,174899,173983.0,2151.0,45046.0,97006.0,70633.0,32001.0,28623.0,91747.0
2022-05-07,184736,174899,173983.0,2151.0,45046.0,97006.0,70633.0,32001.0,28623.0,91747.0
2022-05-08,184736,174899,173983.0,2151.0,45046.0,97006.0,70633.0,32001.0,28623.0,91747.0
2022-05-09,185890,175397,174196.0,2176.0,45469.0,97324.0,71059.0,32237.0,28658.0,91904.0
2022-05-10,186366,176454,174683.0,2185.0,45603.0,97459.0,71271.0,32310.0,28769.0,92316.0
2022-05-11,186977,176822,174839.0,2197.0,45768.0,97581.0,71463.0,32395.0,28808.0,92440.0
2022-05-12,187548,177386,175116.0,2205.0,45960.0,97758.0,71687.0,32528.0,28860.0,92637.0
2022-05-13,188156,178052,175401.0,2226.0,46198.0,97967.0,71890.0,32647.0,28950.0,92830.0
2022-05-14,188156,178052,175401.0,2226.0,46198.0,97967.0,71890.0,32647.0,28950.0,92830.0
2022-05-15,188156,178052,175401.0,2226.0,46198.0,97967.0,71890.0,32647.0,28950.0,92830.0
2022-05-16,189517,178756,175704.0,2242.0,46696.0,98434.0,72392.0,32928.0,29032.0,93041.0
2022-05-17,190115,180185,176463.0,2254.0,46873.0,98629.0,72602.0,33020.0,29205.0,93548.0
2022-05-18,190643,180650,176746.0,2265.0,47048.0,98766.0,72806.0,33152.0,29250.0,93745.0
2022-05-19,191336,181397,177081.0,2277.0,47272.0,98985.0,73035.0,33319.0,29320.0,93976.0
2022-05-20,192045,182185,177477.0,2297.0,47513.0,99253.0,73309.0,33456.0,29414.0,94263.0
2022-05-21,192045,182185,177477.0,2297.0,47513.0,99253.0,73309.0,33456.0,29414.0,94263.0
2022-05-22,192045,182185,177477.0,2297.0,47513.0,99253.0,73309.0,33456.0,29414.0,94263.0
2022-05-23,193497,182798,177741.0,2335.0,48058.0,99751.0,73892.0,33764.0,29471.0,94464.0
2022-05-24,194092,184332,178636.0,2341.0,48225.0,99975.0,74151.0,33858.0,29645.0,94985.0
2022-05-25,194726,184929,178904.0,2354.0,48450.0,100167.0,74386.0,33969.0,29689.0,95136.0
2022-05-26,195386,185552,179256.0,2362.0,48654.0,100356.0,74668.0,34104.0,29775.0,95474.0
2022-05-27,195941,186316,179631.0,2374.0,48890.0,100584.0,74892.0,34215.0,29873.0,95704.0
2022-05-28,195941,186316,179631.0,2374.0,48890.0,100584.0,74892.0,34215.0,29873.0,95704.0
2022-05-29,195941,186316,179631.0,2374.0,48890.0,100584.0,74892.0,34215.0,29873.0,95704.0
2022-05-30,195941,186316,179631.0,2374.0,48890.0,100584.0,74892.0,34215.0,29873.0,95704.0
2022-05-31,197626,186834,179937.0,2411.0,49448.0,101195.0,75552.0,34505.0,29918.0,95914.0
2022-06-01,198142,189187,181083.0,2418.0,49543.0,101416.0,75724.0,34568.0,30174.0,96569.0
2022-06-02,198502,189040,181031.0,2426.0,49735.0,101530.0,75863.0,34706.0,30137.0,96570.0
2022-06-03,199206,189676,181371.0,2434.0,49975.0,101803.0,76081.0,34799.0,30203.0,96798.0
2022-06-04,199206,189676,181371.0,2434.0,49975.0,101803.0,76081.0,34799.0,30203.0,96798.0
2022-06-05,199206,189676,181371.0,2434.0,49975.0,101803.0,76081.0,34799.0,30203.0,96798.0
2022-06-06,200575,190297,181773.0,2463.0,50422.0,102274.0,76614.0,35041.0,30274.0,97002.0
2022-06-07,200966,191395,182479.0,2469.0,50538.0,102419.0,76821.0,35112.0,30435.0,97380.0
2022-06-08,201437,191700,182721.0,2478.0,50687.0,102577.0,76998.0,35220.0,30482.0,97490.0
2022-06-09,201931,192111,183003.0,2484.0,50877.0,102797.0,77156.0,35302.0,30550.0,97662.0
2022-06-10,202413,192435,183249.0,2494.0,51021.0,102998.0,77328.0,35393.0,30617.0,97826.0
2022-06-11,202413,192435,183249.0,2494.0,51021.0,102998.0,77328.0,35393.0,30617.0,97826.0
2022-06-12,202413,192435,183249.0,2494.0,51021.0,102998.0,77328.0,35393.0,30617.0,97826.0
2022-06-13,203513,192952,183548.0,2515.0,51405.0,103345.0,77728.0,35638.0,30701.0,97982.0
2022-06-14,203925,193809,184141.0,2524.0,51541.0,103503.0,77872.0,35736.0,30850.0,98250.0
2022-06-15,204326,194098,184324.0,2539.0,51676.0,103651.0,78011.0,35818.0,30888.0,98367.0
2022-06-16,204695,194512,184602.0,2547.0,51805.0,103791.0,78141.0,35888.0,30969.0,98499.0
2022-06-17,205131,195029,184879.0,2562.0,51953.0,103952.0,78330.0,35963.0,31052.0,98631.0
2022-06-18,205131,195029,184879.0,2562.0,51953.0,103952.0,78330.0,35963.0,31052.0,98631.0
2022-06-19,205131,195029,184879.0,2562.0,51953.0,103952.0,78330.0,35963.0,31052.0,98631.0
2022-06-20,206100,195029,184879.0,2579.0,52257.0,104264.0,78725.0,36134.0,31052.0,98631.0
2022-06-21,206628,195401,185104.0,2596.0,52417.0,104419.0,78881.0,36216.0,31109.0,98737.0
2022-06-22,206979,196484,185820.0,2600.0,52519.0,104546.0,79030.0,36272.0,31231.0,99058.0
2022-06-23,207484,196839,186068.0,2610.0,52694.0,104704.0,79179.0,36369.0,31282.0,99264.0
2022-06-24,208030,197264,186369.0,2622.0,52848.0,104902.0,79326.0,36486.0,31346.0,99416.0
2022-06-25,208030,197264,186369.0,2622.0,52848.0,104902.0,79326.0,36486.0,31346.0,99416.0
2022-06-26,208030,197264,186369.0,2622.0,52848.0,104902.0,79326.0,36486.0,31346.0,99416.0
2022-06-27,209019,197700,186632.0,2641.0,53198.0,105234.0,79696.0,36679.0,31393.0,99549.0
2022-06-28,209513,198600,187289.0,2643.0,53302.0,105388.0,79850.0,36733.0,31497.0,99890.0
2022-06-29,209961,198993,187525.0,2656.0,53400.0,105537.0,80009.0,36801.0,31546.0,100022.0
2022-06-30,210455,199383,187831.0,2672.0,53553.0,105749.0,80165.0,36862.0,31588.0,100197.0
2022-07-01,210911,199835,188148.0,2684.0,53699.0,105944.0,80306.0,36939.0,31641.0,100356.0
2022-07-02,210911,199835,188148.0,2684.0,53699.0,105944.0,80306.0,36939.0,31641.0,100356.0
2022-07-03,210911,199835,188148.0,2684.0,53699.0,105944.0,80306.0,36939.0,31641.0,100356.0
2022-07-04,211938,199835,188148.0,2699.0,54025.0,106243.0,80655.0,37138.0,31641.0,100356.0
2022-07-05,212178,200246,188403.0,2705.0,54161.0,106331.0,80763.0,37199.0,31686.0,100546.0
2022-07-06,212619,201279,189203.0,2708.0,54222.0,106493.0,80893.0,37257.0,31846.0,100947.0
2022-07-07,213052,201523,189397.0,2713.0,54385.0,106644.0,81003.0,37363.0,31885.0,101042.0
2022-07-08,213680,201887,189769.0,2721.0,54512.0,106823.0,81147.0,37453.0,31942.0,101204.0
2022-07-09,213680,201887,189769.0,2721.0,54512.0,106823.0,81147.0,37453.0,31942.0,101204.0
2022-07-10,213680,201887,189769.0,2721.0,54512.0,106823.0,81147.0,37453.0,31942.0,101204.0
2022-07-11,214760,202335,190116.0,2743.0,54873.0,107289.0,81529.0,37634.0,32011.0,101395.0
